time,x,y,z
0.004,0.18,0.81,0.02
0.005,0.16,0.55,0.02
0.008,0.18,0.25,0.01
0.024,0.10,-0.10,0.02
0.030,0.05,-0.43,0.02
0.031,-0.00,-0.71,0.02
0.032,-0.09,-0.95,0.01
0.033,-0.11,-1.09,0.01
0.034,-0.17,-1.13,0.02
0.058,-0.17,-1.08,0.02
0.059,-0.19,-0.93,0.02
0.060,-0.14,-0.67,0.02
0.061,0.04,-0.37,-0.00
0.062,0.10,-0.01,-0.03
0.063,0.11,0.24,-0.01
0.081,0.08,0.57,-0.02
0.082,0.08,0.82,-0.01
0.083,0.05,0.96,-0.02
0.083,0.04,1.04,-0.02
0.105,0.00,0.98,-0.01
0.115,0.03,0.86,-0.01
0.116,0.04,0.66,-0.01
0.120,0.03,0.42,-0.00
0.127,0.01,0.16,-0.02
0.128,0.01,-0.13,-0.00
0.130,-0.00,-0.39,-0.01
0.132,-0.01,-0.62,0.01
0.137,-0.00,-0.78,-0.01
0.138,-0.00,-0.90,0.00
0.139,-0.01,-0.94,-0.00
0.140,-0.06,-0.89,-0.00
0.141,-0.07,-0.72,-0.01
0.142,-0.10,-0.53,-0.00
0.148,-0.09,-0.26,-0.00
0.149,-0.08,0.02,0.01
0.165,-0.05,0.31,-0.02
0.167,-0.02,0.54,-0.01
0.168,0.04,0.72,-0.03
0.171,0.06,0.82,-0.01
0.172,0.09,0.81,-0.01
0.197,0.10,0.73,-0.02
0.199,0.13,0.61,-0.02
0.200,0.16,0.44,-0.01
0.200,0.14,0.22,-0.01
0.202,0.11,0.02,-0.00
0.203,0.07,-0.20,-0.00
0.204,-0.01,-0.43,-0.00
0.225,-0.09,-0.55,-0.00
0.228,-0.15,-0.60,0.00
0.229,-0.20,-0.64,0.00
0.231,-0.16,-0.67,0.02
0.231,-0.16,-0.57,-0.01
0.232,-0.15,-0.43,-0.00
0.235,0.04,-0.25,-0.00
0.237,0.10,-0.05,-0.02
0.242,0.11,0.11,0.00
0.256,0.10,0.30,-0.01
0.257,0.10,0.43,-0.02
0.258,0.07,0.56,0.00
0.260,0.04,0.61,-0.03
0.267,0.02,0.59,-0.01
0.268,-0.02,0.52,-0.02
0.272,-0.02,0.41,-0.00
0.277,-0.01,0.27,-0.02
0.295,0.01,0.10,-0.02
0.296,0.02,-0.06,-0.01
0.297,0.04,-0.22,-0.01
0.298,0.04,-0.33,-0.02
0.320,0.01,-0.44,-0.02
0.321,-0.04,-0.50,-0.01
0.322,-0.04,-0.54,-0.00
0.323,-0.10,-0.50,-0.00
0.324,-0.09,-0.40,-0.01
0.325,-0.11,-0.24,0.02
0.327,-0.10,-0.11,-0.00
0.340,-0.09,0.03,-0.01
0.340,-0.03,0.18,-0.00
0.341,0.02,0.30,-0.01
0.345,0.04,0.41,-0.02
0.349,0.08,0.42,-0.01
0.352,0.11,0.41,-0.01
0.357,0.11,0.32,-0.01
0.363,0.10,0.27,-0.00
0.386,0.10,0.16,-0.02
0.388,0.08,0.09,-0.01
0.388,0.05,-0.01,-0.02
0.389,0.02,-0.07,-0.00
0.390,-0.05,-0.15,-0.01
0.391,-0.06,-0.22,-0.01
0.392,-0.12,-0.27,-0.01
0.403,-0.14,-0.32,-0.01
0.404,-0.11,-0.34,-0.02
0.405,-0.11,-0.35,-0.00
0.412,-0.07,-0.28,0.00
0.426,-0.02,-0.17,0.00
0.428,0.00,-0.04,-0.01
0.429,0.02,0.07,-0.02
0.429,0.06,0.19,-0.01
0.434,0.07,0.26,0.00
0.437,0.10,0.29,-0.01
0.442,0.11,0.24,-0.01
0.445,0.08,0.24,-0.02
0.466,0.04,0.20,-0.01
0.467,0.03,0.14,-0.01
0.468,0.00,0.06,-0.01
0.469,0.01,0.01,-0.01
0.470,-0.05,-0.04,-0.03
0.471,-0.06,-0.12,-0.01
0.476,-0.09,-0.17,-0.02
0.481,-0.05,-0.23,-0.01
0.487,-0.06,-0.23,-0.01
0.490,-0.06,-0.25,-0.01
0.494,-0.05,-0.19,-0.01
0.517,-0.01,-0.14,-0.01
0.518,0.04,-0.04,-0.00
0.519,0.01,0.06,-0.01
0.519,0.04,0.15,-0.01
0.520,0.03,0.20,0.01
0.522,0.01,0.20,-0.01
0.527,0.04,0.17,-0.01
0.532,0.02,0.17,-0.01
0.551,0.01,0.12,0.00
0.552,0.01,0.05,-0.02
0.552,0.00,0.03,-0.01
0.553,-0.02,-0.02,0.00
0.553,-0.03,-0.05,-0.01
0.556,-0.03,-0.13,-0.01
0.560,-0.03,-0.15,-0.02
0.565,-0.03,-0.16,0.00
0.575,-0.04,-0.16,-0.01
0.576,-0.03,-0.14,0.00
0.579,0.00,-0.09,-0.00
0.615,-0.02,-0.01,0.00
0.617,-0.01,0.07,-0.00
0.618,0.02,0.10,0.01
0.619,0.02,0.14,-0.01
0.620,0.02,0.11,-0.00
0.620,0.05,0.10,-0.00
0.621,0.03,0.08,0.01
0.622,0.04,0.06,0.00
0.622,-0.00,0.01,0.01
0.623,0.01,-0.01,0.01
0.644,-0.00,-0.03,-0.00
0.646,-0.04,-0.08,0.02
0.648,-0.03,-0.09,0.02
0.649,-0.04,-0.09,0.00
0.649,-0.02,-0.11,0.02
0.650,-0.01,-0.08,0.00
0.660,-0.03,-0.06,0.01
0.661,-0.03,-0.00,0.01
0.664,-0.03,0.02,0.01
0.691,-0.01,0.05,0.00
0.692,0.01,0.05,0.01
0.693,0.02,0.07,0.01
0.694,0.02,0.06,0.02
0.694,0.06,0.03,0.01
0.695,0.03,0.03,0.01
0.695,0.03,-0.01,0.03
0.697,0.01,-0.02,0.03
0.716,0.01,-0.02,0.02
0.717,-0.02,-0.03,0.01
0.718,-0.02,-0.03,0.02
0.719,-0.03,-0.02,0.02
0.720,-0.04,-0.02,0.01
0.744,-0.01,0.01,0.02
0.747,-0.01,0.01,0.01
0.748,-0.02,0.03,0.01
0.749,0.02,0.03,0.01
0.750,0.02,0.02,0.02
0.751,0.02,0.04,0.03
0.751,0.04,0.01,0.03
0.768,0.03,0.00,0.02
0.769,-0.01,-0.01,0.03
0.769,0.01,-0.02,0.02
0.770,0.01,-0.01,0.02
0.801,0.00,-0.01,0.01
0.803,-0.01,-0.02,0.02
0.804,-0.03,-0.01,0.02
0.805,0.01,0.00,0.01
0.805,-0.02,-0.02,0.02
0.806,-0.02,-0.01,0.04
0.807,0.02,-0.02,0.03
0.808,-0.01,0.01,0.02
0.809,0.03,0.02,0.03
0.813,-0.01,0.01,0.02
0.818,0.02,0.01,0.02
0.835,0.01,0.01,0.02
0.836,0.04,-0.01,0.03
0.837,-0.00,0.01,0.03
0.838,0.04,-0.01,0.03
0.839,-0.03,-0.01,0.02
0.844,-0.01,0.00,0.03
0.848,-0.00,-0.00,0.02
0.867,-0.01,-0.00,0.02
0.870,-0.01,-0.01,0.03
0.872,-0.01,-0.01,0.02
0.873,0.00,0.02,0.04
0.874,0.01,0.01,0.03
0.875,-0.01,-0.01,0.03
0.895,0.01,0.01,0.01
0.901,0.01,0.00,0.03
0.901,0.02,0.01,0.04
0.902,0.00,0.01,0.03
0.903,-0.00,0.01,0.03
0.904,0.01,0.00,0.03
0.920,0.01,0.00,0.03
0.922,-0.02,-0.00,0.03
0.924,0.00,-0.03,0.03
0.925,-0.02,-0.01,0.04
0.925,0.01,-0.02,0.03
0.928,-0.01,-0.00,0.03
0.932,0.02,-0.01,0.02
0.951,0.01,-0.00,0.05
0.954,0.01,0.01,0.03
0.954,-0.03,-0.01,0.04
0.955,0.01,-0.01,0.03
0.955,-0.03,-0.01,0.02
0.959,-0.00,0.01,0.02
0.963,0.02,0.01,0.02
0.968,0.01,-0.00,0.04
0.982,-0.00,-0.02,0.02
0.983,-0.01,-0.01,0.04
0.984,0.02,-0.00,0.03
1.016,0.02,-0.01,0.03
1.018,0.03,-0.00,0.03
1.019,-0.01,0.00,0.02
1.021,0.02,-0.01,0.02
1.022,0.01,-0.01,0.02
1.022,0.03,0.00,0.03
1.023,0.01,0.01,0.02
1.024,-0.01,0.00,0.01
1.025,0.01,0.00,0.02
1.051,-0.02,0.00,0.02
1.053,-0.01,-0.00,0.02
1.054,0.03,-0.01,0.02
1.055,-0.01,0.00,0.02
1.056,-0.03,0.01,0.02
1.056,-0.02,0.01,0.02
1.057,-0.04,-0.01,0.02
1.058,-0.03,-0.01,0.02
1.072,-0.02,-0.00,0.01
1.073,0.00,0.02,-0.00
1.074,0.01,0.01,0.01
1.075,0.01,0.01,0.00
1.079,-0.00,0.00,0.01
1.082,0.01,0.00,0.01
1.102,-0.01,-0.01,0.01
1.104,0.01,-0.02,0.01
1.105,0.01,-0.00,-0.00
1.106,-0.01,-0.00,0.01
1.107,-0.01,-0.01,0.00
1.109,0.03,0.00,-0.01
1.113,-0.01,0.01,0.00
1.118,0.00,-0.01,-0.00
1.128,0.01,-0.01,0.00
1.131,0.04,0.01,0.00
1.131,-0.01,-0.00,-0.00
1.136,0.01,0.02,-0.00
1.151,-0.00,-0.00,-0.00
1.154,-0.00,-0.00,-0.01
1.155,0.00,0.01,-0.01
1.156,0.01,0.01,-0.02
1.157,0.01,0.01,-0.01
1.179,0.02,0.00,-0.01
1.180,-0.01,0.00,-0.02
1.181,0.00,-0.01,-0.01
1.182,-0.02,-0.01,-0.01
1.182,-0.01,0.00,-0.01
1.185,0.02,-0.01,-0.02
1.199,0.01,-0.02,-0.01
1.204,-0.02,-0.00,-0.01
1.205,-0.01,0.02,-0.02
1.206,0.02,0.03,-0.03
1.209,0.01,0.01,-0.03
1.210,0.01,-0.01,-0.03
1.229,0.00,-0.01,-0.02
1.232,-0.01,-0.02,-0.02
1.233,-0.00,-0.01,-0.02
1.234,-0.02,-0.01,-0.03
1.235,-0.01,-0.02,-0.02
1.238,-0.02,-0.00,-0.02
1.251,-0.03,0.02,-0.02
1.252,-0.01,0.00,-0.02
1.256,0.03,-0.01,-0.03
1.257,0.01,0.00,-0.03
1.289,-0.00,0.00,-0.03
1.290,0.01,-0.01,-0.03
1.291,0.01,0.02,-0.03
1.292,-0.02,0.00,-0.02
1.293,-0.01,0.00,-0.02
1.293,-0.04,-0.00,-0.03
1.295,-0.02,0.00,-0.04
1.296,0.00,-0.01,-0.01
1.297,-0.01,-0.01,-0.02
1.299,-0.00,0.01,-0.02
1.303,0.00,-0.01,-0.02
1.321,0.03,0.01,-0.02
1.322,-0.03,-0.01,-0.03
1.323,0.01,-0.01,-0.01
1.324,-0.04,0.01,-0.01
1.333,0.02,-0.00,-0.02
1.334,0.01,0.01,-0.01
1.348,-0.02,0.01,-0.02
1.349,0.00,-0.01,-0.01
1.350,-0.04,0.02,-0.02
1.351,0.01,-0.00,-0.00
1.353,-0.02,0.02,-0.01
1.356,-0.01,0.00,-0.01
1.365,-0.00,0.00,-0.02
1.366,-0.00,0.01,-0.02
1.369,-0.03,-0.02,-0.02
1.411,0.01,0.00,-0.01
1.412,-0.01,-0.01,-0.02
1.413,-0.01,0.00,-0.02
1.413,0.02,0.01,-0.01
1.414,0.02,-0.01,-0.02
1.416,0.01,0.01,-0.02
1.416,-0.01,0.00,-0.01
1.417,-0.01,0.00,-0.03
1.417,0.05,0.01,-0.02
1.418,0.00,-0.01,-0.02
1.419,0.00,-0.00,-0.01
1.448,0.00,-0.00,-0.01
1.450,-0.00,0.01,-0.01
1.450,0.03,-0.01,-0.02
1.451,0.03,-0.01,-0.00
1.452,-0.01,0.00,-0.01
1.452,0.02,-0.01,-0.01
1.454,0.01,-0.01,-0.01
1.456,0.02,0.00,-0.01
1.466,0.02,-0.01,-0.02
1.467,0.00,-0.01,-0.01
1.468,-0.00,-0.01,-0.01
1.472,-0.03,-0.01,-0.01
1.508,0.02,0.01,-0.02
1.509,0.02,-0.00,-0.01
1.509,0.01,-0.01,-0.00
1.510,0.03,0.01,0.01
1.512,0.03,-0.02,-0.00
1.513,-0.02,-0.02,-0.01
1.515,-0.02,-0.00,-0.01
1.516,0.02,0.03,-0.00
1.516,-0.02,0.01,-0.01
1.518,-0.01,-0.01,-0.00
1.520,0.02,-0.00,0.01
1.536,-0.01,-0.00,-0.00
1.539,-0.01,0.03,0.00
1.539,-0.00,-0.01,-0.02
1.540,-0.01,0.01,0.00
1.559,0.01,-0.02,-0.00
1.565,-0.01,0.02,-0.00
1.566,-0.01,0.01,0.01
1.567,0.01,0.01,0.01
1.568,0.01,-0.01,0.00
1.569,-0.01,0.01,0.00
1.570,0.01,0.02,0.01
1.592,-0.01,0.01,-0.00
1.593,0.02,-0.00,0.00
1.594,0.02,0.00,0.01
1.595,-0.01,0.01,0.01
1.596,0.02,0.01,-0.00
1.597,-0.02,0.02,-0.00
1.600,-0.02,0.00,0.00
1.604,-0.00,0.01,0.01
1.623,-0.01,0.00,0.00
1.625,-0.02,0.01,0.02
1.626,0.01,0.01,0.01
1.627,0.02,0.02,0.01
1.628,-0.01,0.00,0.00
1.631,-0.01,0.00,0.01
1.650,0.02,0.02,0.02
1.651,-0.01,-0.01,0.01
1.652,0.01,0.01,0.01
1.653,-0.01,-0.01,0.01
1.655,-0.00,-0.01,0.01
1.660,-0.01,0.02,0.01
1.663,-0.02,0.01,0.01
1.686,0.01,0.01,0.01
1.686,-0.02,-0.01,0.02
1.687,-0.03,0.01,0.01
1.688,0.02,-0.01,0.01
1.688,0.02,0.01,0.02
1.689,-0.00,0.01,0.01
1.700,-0.02,-0.02,0.02
1.701,0.00,0.00,0.02
1.702,0.01,-0.02,0.03
1.706,-0.02,-0.01,0.01
1.735,0.00,-0.00,0.02
1.736,-0.00,-0.01,0.02
1.737,-0.01,0.01,0.01
1.738,0.03,-0.03,0.02
1.740,0.03,0.01,0.01
1.741,0.00,0.01,0.01
1.741,0.03,0.00,0.01
1.742,0.01,-0.00,0.01
1.770,0.02,-0.01,0.02
1.773,-0.01,0.01,0.00
1.774,-0.00,0.01,0.01
1.776,0.00,-0.02,0.01
1.777,0.01,-0.00,0.01
1.782,-0.02,0.00,0.01
1.783,0.03,-0.00,0.01
1.784,-0.03,-0.02,0.02
1.785,0.01,-0.00,0.02
1.786,0.02,-0.01,0.01
1.802,-0.00,0.00,0.02
1.803,-0.01,-0.00,0.01
1.804,-0.01,-0.01,0.01
1.805,-0.03,0.00,0.02
1.807,0.01,-0.01,0.01
1.835,0.01,0.01,0.02
1.836,0.01,0.01,0.01
1.837,-0.01,0.01,0.01
1.837,-0.03,0.02,-0.00
1.839,0.03,0.00,0.02
1.839,-0.00,0.01,0.02
1.840,-0.02,0.01,0.02
1.859,0.01,0.01,0.02
1.860,0.01,0.02,0.01
1.861,-0.02,0.01,0.00
1.862,0.00,0.00,0.02
1.865,0.00,0.00,0.02
1.866,0.01,0.02,0.01
1.870,0.00,0.01,0.02
1.874,-0.02,0.02,0.00
1.891,0.03,-0.02,0.02
1.892,-0.00,0.01,0.01
1.893,-0.01,-0.00,0.01
1.894,-0.02,-0.01,0.01
1.895,0.01,-0.00,0.01
1.923,0.01,0.01,0.02
1.925,-0.01,0.01,0.01
1.926,0.01,-0.01,0.03
1.927,-0.01,-0.02,0.02
1.928,-0.03,-0.01,0.01
1.928,0.00,-0.00,-0.00
1.930,-0.00,0.01,0.03
1.931,0.01,-0.01,0.01
1.945,-0.01,-0.01,0.00
1.947,-0.01,-0.00,0.01
1.948,0.02,0.00,0.02
1.950,0.01,0.00,0.02
1.953,0.02,-0.02,0.02
1.958,0.01,0.00,0.02
1.978,-0.01,-0.01,0.02
1.981,0.01,0.01,0.00
1.982,0.00,-0.00,0.01
1.983,0.01,0.00,0.02
1.984,-0.00,-0.02,0.01
1.984,0.03,-0.02,0.02
1.989,-0.01,0.02,0.00
1.993,0.03,0.00,0.00
2.005,-0.01,-0.00,0.01
2.006,0.00,-0.01,0.02
2.008,-0.03,0.00,0.00
2.012,0.01,-0.00,0.01
2.032,0.02,0.01,0.00
2.033,-0.02,0.02,0.01
2.034,0.01,-0.01,0.01
2.035,-0.01,0.01,0.01
2.036,-0.03,0.01,0.00
2.038,0.01,-0.01,0.01
2.044,-0.01,0.00,-0.00
2.058,0.00,-0.02,0.01
2.060,0.02,-0.01,0.01
2.062,-0.00,0.01,0.01
2.063,-0.02,0.01,0.01
2.064,0.00,-0.00,0.01
2.093,0.01,-0.01,0.01
2.096,-0.00,0.02,-0.02
2.097,0.03,-0.00,0.01
2.098,-0.02,0.01,0.01
2.101,0.02,-0.00,0.02
2.102,-0.01,0.01,0.01
2.102,-0.02,-0.02,-0.01
2.103,0.01,-0.01,-0.01
2.104,-0.02,0.00,0.00
2.118,-0.01,0.01,-0.01
2.119,-0.02,0.01,0.00
2.120,-0.04,0.01,0.01
2.123,0.01,0.00,-0.01
2.126,0.01,-0.01,-0.02
2.149,0.01,-0.01,0.00
2.150,-0.01,0.01,-0.01
2.151,0.02,-0.01,-0.02
2.152,-0.02,0.00,-0.00
2.153,-0.00,-0.00,-0.00
2.156,-0.02,-0.00,-0.02
2.157,-0.00,-0.01,-0.02
2.161,0.01,-0.00,0.00
2.175,-0.02,0.00,-0.01
2.176,0.01,0.01,-0.02
2.177,0.03,-0.01,-0.02
2.178,-0.03,0.01,-0.02
2.196,0.02,-0.01,-0.01
2.198,-0.01,-0.00,-0.01
2.199,-0.00,-0.01,-0.02
2.200,0.00,0.02,-0.02
2.201,0.01,0.01,-0.02
2.205,-0.01,-0.01,-0.02
2.213,-0.01,-0.01,-0.03
2.236,-0.01,-0.00,-0.01
2.237,0.01,0.00,-0.03
2.238,-0.02,-0.01,-0.03
2.239,-0.00,0.01,-0.04
2.240,0.00,0.01,-0.03
2.241,-0.01,0.00,-0.01
2.242,0.01,-0.01,-0.03
2.246,0.01,-0.00,-0.04
2.260,0.02,-0.00,-0.04
2.260,-0.02,-0.00,-0.03
2.263,0.01,-0.02,-0.04
2.263,0.01,0.01,-0.04
2.293,0.01,-0.00,-0.04
2.294,0.01,0.01,-0.04
2.296,0.00,-0.01,-0.04
2.300,0.02,-0.01,-0.02
2.300,0.02,-0.02,-0.04
2.302,-0.02,0.00,-0.05
2.303,-0.01,-0.01,-0.05
2.303,-0.00,-0.00,-0.04
2.304,0.03,-0.02,-0.04
2.318,-0.00,0.01,-0.03
2.319,0.00,-0.00,-0.04
2.320,0.01,0.02,-0.04
2.320,0.03,0.01,-0.05
2.325,-0.00,0.01,-0.04
2.329,0.01,0.00,-0.05
2.340,-0.01,0.01,-0.04
2.341,-0.02,-0.00,-0.05
2.343,-0.04,0.01,-0.04
2.365,-0.02,0.02,-0.05
2.366,0.00,-0.00,-0.04
2.367,-0.01,0.03,-0.04
2.368,-0.01,0.01,-0.04
2.369,-0.00,0.01,-0.03
2.370,0.02,0.00,-0.03
2.373,-0.01,-0.00,-0.04
2.378,-0.01,-0.01,-0.05
2.391,0.01,-0.01,-0.04
2.392,-0.01,-0.00,-0.02
2.393,0.01,0.01,-0.02
2.396,-0.02,0.01,-0.05
2.421,-0.01,-0.02,-0.03
2.422,0.02,-0.02,-0.03
2.423,0.00,-0.01,-0.03
2.423,-0.04,0.01,-0.02
2.424,0.01,-0.00,-0.03
2.425,-0.01,-0.01,-0.03
2.426,0.03,-0.01,-0.03
2.442,0.01,-0.03,-0.03
2.443,0.02,-0.00,-0.04
2.444,0.01,-0.02,-0.02
2.445,-0.03,-0.00,-0.03
2.468,0.01,-0.02,-0.04
2.469,0.01,-0.00,-0.03
2.470,-0.01,-0.01,-0.04
2.470,-0.01,0.00,-0.03
2.471,0.02,-0.00,-0.03
2.472,0.00,0.01,-0.02
2.475,-0.01,-0.00,-0.02
2.479,0.00,-0.00,-0.03
2.492,0.02,0.01,-0.03
2.493,-0.00,0.01,-0.01
2.494,0.03,0.01,-0.01
2.498,0.01,0.00,0.00
2.520,-0.03,0.01,-0.01
2.521,-0.01,0.01,-0.00
2.521,-0.03,-0.00,0.00
2.522,0.03,0.01,-0.02
2.523,-0.00,0.01,0.00
2.524,0.01,0.01,-0.00
2.528,-0.01,0.01,0.01
2.552,0.00,-0.01,0.00
2.553,0.01,-0.03,-0.00
2.556,0.00,-0.01,0.02
2.557,-0.01,0.00,0.01
2.558,-0.02,-0.02,0.01
2.560,0.01,0.00,0.01
2.563,-0.01,0.01,0.00
2.568,0.02,-0.02,0.02
2.572,0.02,0.01,0.01
2.574,0.00,0.01,0.03
2.588,0.02,-0.01,0.02
2.589,0.00,0.01,0.01
2.590,0.01,-0.01,0.01
2.591,0.03,0.00,0.02
2.594,0.01,0.00,0.02
2.611,0.01,-0.01,0.03
2.614,0.03,0.01,0.00
2.615,-0.01,0.01,0.02
2.615,0.03,-0.00,0.03
2.616,-0.02,0.01,0.02
2.636,-0.00,-0.02,0.01
2.637,0.00,-0.01,0.02
2.637,0.00,-0.01,0.03
2.638,-0.01,-0.01,0.01
2.639,0.02,-0.01,0.02
2.642,-0.01,0.00,0.02
2.647,-0.00,-0.02,0.01
2.658,0.00,-0.01,0.02
2.659,0.02,-0.02,0.02
2.661,-0.01,-0.01,0.00
2.665,0.03,-0.03,0.01
2.676,-0.01,-0.02,0.02
2.678,0.00,-0.00,0.02
2.678,-0.01,-0.01,0.02
2.684,0.01,-0.01,-0.00
2.697,-0.01,-0.01,0.01
2.698,0.00,0.00,0.01
2.699,-0.00,0.02,0.01
2.700,0.04,0.01,0.01
2.705,-0.02,0.02,0.01
2.709,-0.01,0.00,0.02
2.716,-0.01,0.02,0.01
2.718,-0.01,0.02,0.02
2.722,-0.02,0.01,0.02
2.727,0.01,0.01,0.01
2.732,0.01,0.00,0.03
2.744,-0.02,0.03,0.00
2.745,0.00,0.00,0.02
2.747,0.02,0.01,0.03
2.749,-0.03,0.01,0.02
2.773,0.01,0.02,0.02
2.774,-0.01,0.01,0.04
2.774,-0.01,0.00,0.02
2.775,0.00,0.01,0.01
2.776,-0.01,0.01,0.02
2.776,0.01,-0.01,0.03
2.780,0.00,-0.01,0.02
2.794,0.02,0.00,0.02
2.796,-0.01,0.00,0.03
2.797,-0.01,-0.00,0.03
2.798,-0.01,-0.01,0.02
2.820,0.01,-0.01,0.04
2.822,-0.01,0.01,0.02
2.823,0.01,0.01,0.03
2.824,0.00,-0.02,0.03
2.825,0.01,-0.01,0.03
2.825,-0.02,0.01,0.02
2.829,-0.01,0.00,0.02
2.834,-0.01,0.02,0.01
2.846,0.02,0.01,0.03
2.847,-0.01,0.00,0.03
2.848,0.02,-0.01,0.02
2.880,0.01,-0.01,0.03
2.883,0.02,-0.01,0.02
2.884,0.01,0.02,0.03
2.886,-0.03,-0.01,0.01
2.887,0.00,-0.01,0.02
2.887,0.00,0.01,0.03
2.888,-0.04,0.00,0.02
2.889,0.02,0.00,0.04
2.890,0.00,0.00,0.04
2.890,-0.02,-0.01,0.03
2.903,-0.01,0.01,0.04
2.904,-0.00,0.01,0.03
2.907,0.02,0.01,0.03
2.907,0.02,0.01,0.04
2.913,0.01,0.00,0.04
2.917,0.02,-0.00,0.04
2.935,-0.01,-0.00,0.05
2.938,0.02,-0.02,0.04
2.939,-0.02,-0.01,0.04
2.940,-0.01,-0.01,0.04
2.940,-0.01,0.01,0.04
2.943,-0.02,0.00,0.03
2.948,0.01,-0.01,0.03
2.966,-0.01,0.00,0.03
2.967,-0.00,0.00,0.03
2.968,0.01,-0.01,0.05
2.969,-0.01,-0.01,0.03
2.970,0.00,-0.00,0.04
2.985,0.00,-0.00,0.04
2.986,-0.02,0.00,0.03
2.987,-0.02,0.01,0.04
2.988,-0.01,0.00,0.03
2.993,0.01,-0.00,0.02
2.996,0.01,-0.00,0.02
3.011,-0.03,0.02,0.02
3.013,-0.02,-0.00,0.02
3.015,0.02,0.02,0.03
3.016,-0.02,0.01,0.02
3.041,-0.02,0.03,0.03
3.044,-0.00,0.02,0.03
3.046,-0.00,-0.00,0.04
3.047,-0.02,0.02,0.03
3.047,-0.04,0.00,0.04
3.049,0.01,0.00,0.03
3.050,0.01,-0.01,0.03
3.051,0.00,0.01,0.05
3.072,-0.01,0.01,0.04
3.073,-0.01,-0.00,0.03
3.074,0.03,0.02,0.04
3.074,0.01,0.00,0.04
3.076,0.03,0.02,0.03
3.077,0.01,0.03,0.04
3.081,0.00,0.01,0.04
3.085,0.01,-0.01,0.04
3.100,0.00,0.01,0.04
3.114,0.01,0.01,0.04
3.115,-0.02,-0.01,0.05
3.117,-0.01,0.02,0.04
3.119,0.00,-0.01,0.04
3.120,-0.01,0.01,0.05
3.121,-0.00,-0.02,0.03
3.122,0.02,-0.01,0.05
3.148,-0.00,-0.01,0.03
3.152,0.01,-0.01,0.03
3.153,-0.02,-0.00,0.05
3.154,-0.02,-0.01,0.05
3.156,-0.02,-0.01,0.05
3.157,0.01,-0.02,0.05
3.158,-0.00,-0.01,0.05
3.159,0.01,-0.01,0.04
3.160,0.02,-0.01,0.04
3.176,0.00,-0.01,0.04
3.178,0.01,-0.00,0.05
3.180,0.03,-0.02,0.04
3.181,-0.02,-0.00,0.03
3.182,-0.01,0.00,0.05
3.205,0.02,-0.01,0.04
3.206,-0.01,-0.00,0.05
3.207,0.02,0.01,0.04
3.209,-0.02,0.00,0.04
3.210,0.02,0.00,0.04
3.210,0.01,0.01,0.03
3.214,0.00,0.01,0.04
3.217,0.02,-0.00,0.04
3.232,-0.02,-0.01,0.03
3.233,0.02,0.01,0.04
3.235,0.03,-0.00,0.04
3.236,0.01,-0.01,0.03
3.250,0.01,0.01,0.04
3.252,0.00,0.02,0.03
3.254,-0.01,0.01,0.04
3.255,-0.00,0.00,0.03
3.286,-0.00,0.01,0.04
3.289,-0.01,0.03,0.04
3.290,0.02,0.01,0.04
3.290,0.03,-0.01,0.05
3.291,-0.01,0.01,0.05
3.292,0.05,-0.00,0.04
3.293,0.02,0.01,0.04
3.294,0.01,-0.01,0.05
3.294,-0.01,-0.00,0.04
3.336,0.01,0.01,0.03
3.337,0.01,-0.02,0.05
3.338,0.04,-0.02,0.04
3.339,-0.01,-0.00,0.06
3.340,0.02,-0.00,0.04
3.340,-0.01,-0.01,0.03
3.341,0.04,-0.01,0.04
3.342,-0.04,0.01,0.03
3.343,0.01,-0.01,0.04
3.344,-0.02,0.01,0.04
3.345,-0.02,0.01,0.04
3.345,0.01,-0.02,0.04
3.358,0.02,0.01,0.03
3.361,0.01,0.01,0.04
3.362,-0.01,0.01,0.03
3.364,0.00,0.01,0.04
3.368,0.02,-0.00,0.04
3.400,-0.02,-0.00,0.04
3.402,-0.00,0.01,0.03
3.404,-0.01,-0.01,0.03
3.405,0.04,0.01,0.05
3.406,-0.02,0.03,0.04
3.407,-0.01,0.01,0.04
3.410,-0.02,0.00,0.04
3.411,0.00,-0.00,0.03
3.412,-0.01,0.01,0.05
3.413,-0.02,-0.00,0.03
3.420,-0.01,0.01,0.03
3.420,-0.01,0.01,0.03
3.428,0.00,0.00,0.05
3.433,-0.00,-0.01,0.03
3.434,-0.02,-0.01,0.03
3.451,0.03,-0.01,0.03
3.452,0.00,-0.01,0.03
3.453,0.01,-0.02,0.03
3.454,-0.03,-0.01,0.04
3.458,-0.01,-0.03,0.03
3.464,0.00,-0.01,0.03
3.480,0.01,0.00,0.05
3.483,0.00,-0.00,0.03
3.484,-0.01,0.01,0.02
3.487,0.05,-0.00,0.02
3.488,0.02,-0.01,0.03
3.489,0.00,-0.03,0.04
3.502,-0.00,-0.01,0.01
3.506,0.01,-0.01,0.03
3.507,0.00,0.01,0.02
3.509,0.04,0.00,0.03
3.511,0.01,-0.01,0.03
3.542,-0.04,0.01,0.03
3.543,0.02,0.00,0.03
3.544,-0.01,0.04,0.02
3.545,0.02,0.00,0.03
3.546,0.00,0.00,0.02
3.556,0.01,-0.01,0.03
3.560,0.03,0.01,0.02
3.565,-0.02,-0.02,0.03
3.566,-0.03,0.00,0.03
3.566,0.04,0.01,0.03
3.567,-0.02,0.01,0.03
3.568,0.02,-0.01,0.02
3.568,0.03,0.01,0.02
3.572,-0.00,-0.01,0.02
3.586,-0.01,-0.01,0.02
3.588,0.00,0.01,0.01
3.589,-0.01,-0.01,0.00
3.590,-0.01,0.02,0.00
3.620,-0.00,0.01,0.01
3.621,0.01,0.00,0.03
3.622,-0.02,0.02,0.02
3.623,-0.01,-0.00,0.02
3.624,0.01,0.00,0.01
3.625,-0.01,0.02,0.01
3.626,0.01,-0.00,0.01
3.627,-0.00,0.01,0.01
3.642,-0.00,-0.00,0.02
3.643,-0.01,0.00,0.01
3.644,0.00,-0.01,-0.00
3.645,0.02,0.00,0.01
3.647,0.01,0.00,0.01
3.652,0.03,0.00,0.00
3.656,0.02,-0.01,0.01
3.697,0.00,-0.01,-0.00
3.704,-0.01,-0.01,0.01
3.708,0.02,-0.00,0.00
3.710,-0.00,-0.00,-0.00
3.712,0.00,0.01,0.01
3.713,-0.01,-0.01,0.02
3.714,-0.01,0.01,0.01
3.715,0.00,0.00,0.01
3.715,-0.02,0.01,0.01
3.716,-0.02,0.01,0.00
3.717,0.00,0.02,0.02
3.718,-0.01,-0.01,0.01
3.718,-0.01,0.00,0.01
3.719,-0.00,-0.02,0.01
3.732,-0.03,0.01,-0.00
3.733,-0.02,0.01,0.00
3.733,-0.01,-0.00,-0.01
3.736,-0.02,0.01,0.01
3.740,0.02,0.01,-0.00
3.806,-0.01,0.00,0.00
3.810,0.00,-0.01,-0.01
3.811,0.02,0.01,-0.02
3.812,0.02,0.00,-0.00
3.812,0.02,-0.01,0.00
3.813,0.00,0.02,0.01
3.814,0.00,0.01,-0.00
3.814,0.01,0.01,-0.01
3.815,0.00,-0.00,-0.01
3.816,0.02,-0.01,-0.00
3.817,0.00,-0.01,-0.01
3.818,-0.03,0.01,-0.01
3.819,0.01,-0.01,-0.01
3.819,-0.00,0.01,-0.02
3.820,-0.00,0.00,-0.01
3.820,0.02,-0.02,-0.02
3.821,-0.02,0.00,-0.02
3.822,0.01,-0.01,-0.02
3.822,0.01,0.00,-0.02
3.842,0.00,-0.01,-0.02
3.842,-0.00,0.02,-0.02
3.843,0.01,-0.01,-0.03
3.844,-0.01,-0.01,-0.02
3.846,0.02,-0.00,-0.02
3.849,-0.01,0.01,-0.02
3.854,0.00,-0.02,-0.02
3.877,0.01,-0.01,-0.02
3.879,0.00,-0.01,-0.01
3.881,-0.03,0.01,-0.03
3.883,-0.01,-0.02,-0.03
3.885,-0.01,0.02,-0.03
3.888,-0.01,-0.00,-0.02
3.889,-0.01,0.00,-0.02
3.890,0.00,0.01,-0.03
3.912,0.01,0.00,-0.03
3.916,-0.00,0.02,-0.03
3.917,-0.03,-0.00,-0.03
3.917,-0.02,0.01,-0.02
3.918,-0.01,0.01,-0.02
3.921,0.01,0.02,-0.03
3.924,0.00,-0.00,-0.03
3.925,0.01,0.02,-0.02
3.950,0.01,0.01,-0.03
3.953,0.02,0.01,-0.03
3.954,0.00,0.01,-0.02
3.955,0.01,-0.02,-0.02
3.957,-0.02,0.01,-0.03
3.958,0.00,-0.01,-0.03
3.961,0.00,0.01,-0.03
3.961,0.01,-0.00,-0.02
3.987,0.00,-0.01,-0.02
3.988,-0.01,-0.01,-0.03
3.989,0.01,-0.00,-0.04
3.994,-0.01,-0.01,-0.02
3.995,0.02,0.00,-0.02
3.996,-0.00,0.00,-0.02
4.000,0.02,0.01,-0.03
4.001,-0.02,0.00,-0.02
4.003,0.02,-0.01,-0.02
4.005,0.00,0.01,-0.04
4.020,0.01,-0.01,-0.03
4.023,-0.01,-0.00,-0.03
4.023,-0.01,-0.00,-0.01
4.024,0.01,0.00,-0.03
4.068,0.00,-0.01,-0.03
4.069,0.01,0.01,-0.04
4.070,-0.01,-0.01,-0.02
4.071,-0.00,-0.00,-0.03
4.072,-0.01,-0.02,-0.02
4.073,0.01,-0.00,-0.02
4.073,0.00,-0.01,-0.03
4.074,0.00,0.00,-0.02
4.076,0.01,-0.00,-0.04
4.077,0.00,-0.01,-0.02
4.078,-0.01,-0.00,-0.03
4.078,0.01,0.01,-0.03
4.079,0.00,0.01,-0.02
4.101,-0.01,-0.01,-0.02
4.102,-0.02,0.01,-0.02
4.103,-0.01,0.02,-0.03
4.103,0.00,0.01,-0.02
4.104,-0.00,-0.01,-0.03
4.106,0.01,0.01,-0.02
4.111,0.00,0.00,-0.03
4.122,0.01,-0.01,-0.02
4.126,-0.01,-0.02,-0.02
4.127,0.00,0.00,-0.03
4.147,-0.01,-0.01,-0.02
4.148,-0.00,-0.01,-0.02
4.149,0.00,-0.00,-0.02
4.150,0.01,-0.01,-0.02
4.151,-0.01,0.01,-0.02
4.152,0.00,-0.00,-0.02
4.155,-0.00,-0.01,-0.01
4.160,0.01,-0.00,-0.01
4.163,-0.00,-0.01,-0.01
4.168,0.00,0.01,-0.02
4.195,-0.00,0.01,-0.03
4.197,0.01,0.00,-0.01
4.197,0.01,-0.00,-0.01
4.198,-0.02,-0.00,-0.02
4.199,0.01,0.00,-0.02
4.200,0.00,-0.00,-0.03
4.200,-0.02,0.01,-0.02
4.203,0.01,-0.00,-0.02
4.208,-0.01,-0.00,-0.01
4.223,-0.02,-0.00,-0.01
4.226,0.00,0.01,-0.01
4.227,0.00,0.02,-0.02
4.228,-0.01,0.00,-0.02
4.238,0.00,-0.01,-0.01
4.240,0.02,0.00,0.00
4.240,-0.00,0.02,0.00
4.246,0.02,0.01,-0.01
4.275,0.02,-0.00,-0.02
4.277,0.00,-0.02,-0.01
4.278,-0.01,0.00,-0.01
4.279,0.00,-0.01,-0.02
4.280,-0.01,-0.01,0.00
4.281,-0.01,0.00,-0.01
4.282,-0.00,0.00,-0.01
4.282,0.02,-0.02,0.00
4.283,0.01,-0.00,-0.01
4.307,-0.00,0.00,-0.01
4.308,0.01,-0.01,-0.01
4.309,0.01,-0.00,-0.01
4.310,-0.01,-0.00,-0.01
4.311,0.01,-0.01,0.00
4.312,0.02,-0.01,0.00
4.323,-0.02,0.01,-0.01
4.326,0.01,-0.00,0.00
4.326,-0.01,-0.00,-0.00
4.328,0.02,-0.00,-0.01
4.375,0.01,-0.00,-0.01
4.376,0.01,0.01,0.01
4.377,-0.01,0.00,-0.00
4.378,0.01,-0.02,0.00
4.379,0.00,0.01,0.00
4.379,0.00,-0.01,0.00
4.380,0.00,0.00,-0.00
4.381,0.01,-0.01,0.01
4.382,0.01,0.00,0.01
4.382,-0.01,0.01,0.01
4.383,0.01,0.01,-0.01
4.384,-0.01,0.01,0.00
4.393,0.02,0.01,0.01
4.394,0.02,-0.00,0.00
4.396,-0.00,0.01,0.00
4.443,0.00,-0.00,0.01
4.446,-0.01,0.01,-0.01
4.447,0.01,0.00,0.01
4.447,0.01,0.00,0.01
4.449,0.01,0.00,0.01
4.453,0.01,-0.01,0.01
4.453,0.01,-0.01,0.00
4.454,0.00,0.02,-0.01
4.455,0.01,-0.00,-0.01
4.456,-0.02,-0.00,0.00
4.456,0.01,0.01,-0.01
4.457,0.01,0.01,0.00
4.457,0.00,0.00,-0.01
4.458,-0.00,0.00,-0.01
4.494,-0.01,0.00,0.00
4.495,-0.01,-0.00,-0.02
4.495,0.01,0.00,-0.00
4.496,0.01,-0.01,0.01
4.497,0.01,-0.01,-0.01
4.498,0.01,0.00,-0.00
4.499,-0.00,0.00,-0.00
4.500,-0.01,-0.00,0.00
4.501,0.00,-0.01,-0.01
4.501,0.01,0.01,-0.00
4.511,0.00,-0.02,0.01
4.512,-0.00,-0.01,0.00
4.513,0.00,-0.01,-0.00
4.562,-0.00,-0.01,-0.00
4.567,-0.00,0.01,0.00
4.567,-0.01,-0.02,0.01
4.568,0.01,0.00,-0.01
4.569,0.01,0.01,0.01
4.569,0.00,0.01,0.01
4.570,0.01,-0.01,0.00
4.571,-0.01,0.01,0.01
4.571,0.01,-0.02,-0.01
4.572,-0.01,0.02,0.01
4.572,-0.01,0.01,-0.01
4.573,0.01,-0.01,0.00
4.574,-0.01,-0.02,-0.00
4.628,0.01,0.00,0.01
4.630,0.00,-0.02,0.01
4.631,0.00,0.00,0.01
4.634,0.01,-0.01,0.01
4.638,0.00,-0.01,0.00
4.643,-0.00,0.01,-0.00
4.649,0.01,-0.02,0.01
4.652,0.00,-0.01,-0.00
4.655,-0.01,-0.00,-0.00
4.656,0.01,-0.01,0.01
4.657,-0.00,0.01,0.00
4.657,0.01,-0.00,0.01
4.658,0.00,0.02,0.01
4.659,0.00,-0.01,-0.00
4.660,-0.00,0.01,0.02
4.660,0.01,0.00,0.01
4.661,0.01,-0.00,0.00
4.662,-0.02,0.02,-0.00
4.664,0.00,-0.00,0.00
4.666,-0.01,0.01,0.00
4.667,0.01,0.00,-0.00
4.667,0.03,0.00,0.00
4.681,-0.00,0.01,0.01
4.682,-0.02,0.00,-0.01
4.683,-0.00,0.01,-0.01
4.721,0.01,-0.01,-0.00
4.722,0.01,-0.00,0.00
4.723,-0.01,-0.01,0.00
4.726,-0.00,0.01,-0.01
4.727,0.02,-0.02,0.00
4.728,0.01,0.01,-0.01
4.731,-0.00,-0.00,-0.01
4.733,0.00,0.00,0.00
4.734,0.01,-0.01,0.01
4.735,0.03,0.00,-0.00
4.735,-0.01,-0.01,0.00
4.736,-0.01,-0.00,-0.00
4.782,0.01,-0.00,-0.00
4.786,0.01,0.02,0.00
4.786,0.00,-0.00,-0.01
4.787,0.01,0.00,0.00
4.788,-0.00,0.00,-0.00
4.789,-0.00,0.00,-0.01
4.789,-0.01,-0.01,0.01
4.790,-0.00,0.00,-0.00
4.791,-0.00,0.01,-0.00
4.792,-0.02,0.02,0.00
4.792,0.01,0.00,0.01
4.793,0.02,-0.00,-0.01
4.794,-0.00,-0.02,-0.00
4.817,0.01,-0.00,-0.00
4.818,-0.01,0.02,-0.01
4.819,-0.02,-0.01,-0.01
4.820,0.01,0.00,-0.00
4.821,-0.00,-0.00,0.00
4.821,-0.01,0.00,-0.00
4.824,-0.00,0.01,0.00
4.866,0.00,-0.01,-0.01
4.867,0.02,0.00,-0.00
4.868,0.00,-0.00,-0.01
4.869,0.03,0.00,-0.01
4.870,0.00,-0.01,-0.01
4.871,0.03,-0.00,0.00
4.871,0.00,0.01,-0.00
4.872,-0.00,0.01,0.00
4.884,-0.01,-0.00,-0.01
4.887,-0.01,-0.02,-0.00
4.888,-0.02,0.02,-0.01
4.889,0.03,-0.01,0.00
4.889,-0.00,-0.01,-0.00
4.890,-0.01,0.00,-0.01
4.891,-0.01,0.00,0.00
4.907,0.01,-0.00,-0.01
4.907,-0.02,-0.01,-0.01
4.908,0.00,-0.00,-0.00
4.909,-0.04,0.00,0.00
4.911,-0.01,0.01,0.01
4.916,-0.03,-0.00,-0.00
4.956,-0.01,-0.02,0.00
4.956,-0.01,-0.01,0.00
4.957,0.00,-0.01,0.00
4.958,-0.00,-0.00,-0.00
4.958,0.00,-0.01,-0.01
4.959,0.01,0.00,-0.01
4.960,0.03,0.00,-0.00
4.960,0.01,0.01,-0.01
4.961,0.00,0.00,0.00
4.961,0.00,0.01,-0.01
4.964,0.00,-0.01,-0.01
4.998,-0.01,-0.01,-0.02
5.002,-0.00,0.01,0.01
5.003,-0.01,-0.01,-0.01
5.003,0.01,-0.01,0.01
5.004,0.02,0.00,0.01
5.005,-0.00,-0.00,-0.01
5.006,-0.01,0.00,0.01
5.006,-0.00,0.01,-0.01
5.007,0.01,-0.01,-0.00
5.008,0.00,0.00,0.01
5.048,0.01,-0.01,-0.00
5.049,-0.00,0.01,-0.01
5.050,-0.00,0.00,0.00
5.051,-0.01,-0.00,-0.00
5.052,0.01,0.00,0.01
5.056,-0.03,-0.01,-0.01
5.058,0.01,-0.00,0.01
5.060,-0.03,0.01,0.01
5.061,0.00,-0.02,0.00
5.063,-0.02,0.01,0.01
5.064,-0.01,-0.01,0.02
5.066,-0.01,-0.01,0.02
5.067,0.00,-0.01,0.03
5.087,-0.03,0.00,0.02
5.089,0.00,-0.01,0.02
5.091,-0.01,0.01,0.01
5.092,-0.01,-0.01,0.04
5.093,-0.03,0.02,0.04
5.094,0.02,0.01,0.03
5.098,-0.00,0.01,0.03
5.102,0.03,0.01,0.03
5.136,-0.01,0.00,0.04
5.137,0.02,0.01,0.04
5.138,0.00,-0.01,0.05
5.139,0.01,-0.01,0.05
5.140,0.00,0.01,0.05
5.141,-0.01,0.02,0.03
5.142,-0.02,0.01,0.05
5.143,-0.02,0.02,0.04
5.144,0.01,0.01,0.05
5.145,0.03,0.01,0.06
5.154,0.01,0.01,0.05
5.155,-0.02,0.00,0.05
5.158,0.01,-0.01,0.06
5.163,0.01,0.01,0.06
5.169,0.02,0.00,0.05
5.188,-0.01,0.01,0.07
5.190,0.00,-0.00,0.07
5.190,-0.01,0.01,0.06
5.191,-0.02,0.00,0.06
5.193,0.01,0.00,0.07
5.194,-0.01,-0.00,0.10
5.201,-0.02,0.01,0.06
5.208,0.00,-0.00,0.07
5.209,-0.00,0.00,0.07
5.241,0.00,-0.01,0.09
5.242,-0.00,0.00,0.10
5.243,0.02,-0.01,0.07
5.244,0.01,0.00,0.09
5.245,0.02,-0.02,0.10
5.246,0.00,-0.02,0.09
5.247,0.01,0.00,0.10
5.248,0.00,-0.01,0.11
5.248,-0.01,-0.00,0.09
5.251,0.02,-0.00,0.10
5.270,0.03,0.01,0.10
5.271,0.02,-0.02,0.11
5.272,0.02,-0.01,0.11
5.273,-0.00,-0.01,0.10
5.275,-0.00,-0.00,0.12
5.278,0.01,0.01,0.10
5.283,-0.01,-0.01,0.11
5.305,0.00,-0.00,0.12
5.308,-0.01,0.01,0.11
5.309,-0.00,-0.01,0.12
5.310,-0.01,-0.00,0.11
5.313,-0.00,0.02,0.10
5.314,-0.01,-0.00,0.12
5.315,-0.00,0.02,0.13
5.318,0.02,-0.00,0.12
5.344,-0.02,0.00,0.13
5.345,0.01,-0.00,0.11
5.345,-0.01,-0.00,0.13
5.346,0.02,0.01,0.14
5.347,-0.01,0.02,0.13
5.348,-0.00,0.00,0.14
5.389,-0.01,0.01,0.13
5.390,0.01,-0.00,0.13
5.391,0.00,0.00,0.14
5.392,-0.01,0.00,0.14
5.393,-0.01,0.01,0.16
5.394,0.02,-0.02,0.14
5.395,-0.00,0.01,0.13
5.395,0.01,0.00,0.14
5.396,-0.01,0.00,0.14
5.397,0.02,-0.00,0.16
5.398,-0.01,0.01,0.15
5.399,0.02,0.01,0.16
5.401,-0.01,-0.00,0.16
5.430,-0.00,-0.01,0.16
5.432,0.02,0.02,0.16
5.433,0.01,-0.01,0.17
5.434,0.01,0.00,0.16
5.434,0.00,-0.00,0.17
5.435,0.00,-0.01,0.17
5.436,0.00,0.00,0.17
5.438,-0.00,-0.01,0.17
5.448,0.01,0.01,0.17
5.449,-0.01,-0.00,0.17
5.450,0.01,0.01,0.18
5.455,-0.03,0.01,0.18
5.487,0.02,0.00,0.17
5.488,-0.01,0.01,0.17
5.489,0.00,-0.01,0.20
5.490,0.01,0.01,0.19
5.491,-0.02,0.01,0.19
5.492,-0.02,0.01,0.21
5.493,-0.02,0.00,0.19
5.528,0.01,0.01,0.19
5.529,-0.01,0.01,0.19
5.531,0.00,-0.01,0.21
5.533,0.01,0.01,0.19
5.534,-0.02,0.02,0.22
5.534,0.01,0.01,0.20
5.535,0.03,-0.00,0.21
5.538,0.01,0.01,0.20
5.539,0.01,0.01,0.19
5.540,0.00,0.01,0.21
5.540,0.02,-0.00,0.21
5.541,-0.01,-0.01,0.21
5.575,0.01,0.03,0.21
5.576,-0.01,-0.01,0.23
5.577,0.01,0.00,0.21
5.577,-0.01,0.01,0.23
5.578,0.02,0.00,0.23
5.579,-0.02,0.01,0.22
5.579,0.02,0.00,0.23
5.580,0.01,-0.01,0.23
5.581,-0.01,0.01,0.23
5.584,0.04,-0.00,0.22
5.588,-0.01,0.02,0.23
5.628,-0.00,-0.02,0.24
5.629,-0.01,-0.01,0.24
5.632,0.01,-0.01,0.24
5.635,0.00,0.01,0.24
5.635,0.01,-0.00,0.24
5.636,-0.00,0.00,0.24
5.637,0.03,-0.01,0.24
5.637,-0.01,0.01,0.23
5.638,-0.01,0.01,0.23
5.639,-0.01,-0.00,0.25
5.640,0.02,-0.02,0.26
5.641,0.01,0.01,0.26
5.653,-0.01,0.01,0.26
5.668,0.00,-0.00,0.25
5.669,-0.00,0.00,0.27
5.669,-0.01,0.00,0.28
5.670,-0.03,0.01,0.25
5.671,0.00,0.01,0.26
5.671,-0.00,0.01,0.26
5.700,-0.00,0.00,0.26
5.701,0.02,0.00,0.26
5.702,0.01,0.00,0.27
5.704,0.02,0.00,0.29
5.706,0.01,-0.00,0.27
5.707,0.01,0.01,0.27
5.707,-0.01,-0.02,0.26
5.733,0.00,-0.00,0.26
5.737,0.02,-0.01,0.28
5.738,-0.03,0.01,0.30
5.739,-0.01,0.02,0.28
5.740,-0.01,0.01,0.29
5.742,0.01,0.01,0.30
5.743,-0.01,-0.01,0.29
5.744,0.01,0.00,0.30
5.746,-0.02,-0.01,0.29
5.751,0.02,-0.01,0.30
5.752,0.01,0.01,0.29
5.780,0.02,-0.00,0.31
5.781,-0.02,-0.01,0.29
5.782,-0.00,0.01,0.30
5.782,0.01,0.01,0.31
5.783,-0.01,-0.00,0.30
5.784,-0.00,0.02,0.32
5.785,-0.00,0.01,0.30
5.786,0.01,-0.02,0.31
5.791,0.01,0.01,0.32
5.816,-0.03,0.01,0.32
5.817,-0.00,-0.00,0.32
5.817,-0.04,0.03,0.31
5.818,0.01,0.03,0.32
5.819,0.01,-0.01,0.32
5.819,0.00,0.01,0.32
5.822,0.01,-0.00,0.32
5.837,0.01,-0.00,0.32
5.840,-0.00,0.01,0.33
5.841,0.01,0.00,0.35
5.842,0.02,-0.00,0.33
5.884,-0.00,0.01,0.33
5.885,-0.02,0.01,0.34
5.886,-0.00,0.01,0.34
5.887,-0.01,0.01,0.35
5.888,0.02,0.02,0.34
5.889,0.02,0.01,0.34
5.890,0.01,0.01,0.34
5.891,0.00,-0.01,0.35
5.892,0.02,0.00,0.34
5.893,0.02,0.01,0.35
5.894,0.02,-0.01,0.34
5.894,0.01,0.00,0.34
5.922,0.01,0.01,0.36
5.923,0.00,-0.00,0.37
5.925,-0.01,0.01,0.36
5.926,0.00,0.01,0.36
5.928,-0.01,0.02,0.36
5.929,-0.00,0.00,0.35
5.930,-0.01,-0.01,0.36
5.932,-0.01,-0.01,0.36
5.933,0.01,0.00,0.37
5.955,-0.02,-0.01,0.37
5.959,0.01,0.01,0.37
5.960,-0.01,-0.01,0.39
5.961,0.01,0.01,0.37
5.963,0.01,-0.01,0.38
5.964,0.01,-0.01,0.38
5.965,-0.01,0.01,0.40
6.000,0.01,0.01,0.38
6.003,0.00,0.01,0.37
6.005,0.00,-0.00,0.39
6.007,-0.00,0.01,0.39
6.009,-0.01,-0.02,0.40
6.010,0.00,0.02,0.39
6.012,0.01,-0.00,0.39
6.013,0.01,-0.01,0.41
6.013,-0.01,0.01,0.40
6.014,-0.02,-0.01,0.40
6.015,0.02,0.01,0.40
6.035,-0.01,0.00,0.41
6.036,-0.00,0.01,0.41
6.036,-0.00,0.01,0.39
6.038,0.00,-0.01,0.41
6.039,0.00,-0.01,0.41
6.040,-0.01,0.02,0.41
6.042,-0.00,-0.01,0.41
6.059,0.01,0.01,0.42
6.062,-0.00,0.00,0.41
6.063,0.03,-0.01,0.43
6.064,-0.01,-0.00,0.40
6.065,-0.00,0.02,0.41
6.095,-0.00,0.01,0.42
6.096,0.01,0.00,0.43
6.097,0.01,0.02,0.42
6.098,-0.00,0.01,0.43
6.099,-0.01,0.02,0.44
6.100,-0.02,-0.01,0.44
6.100,0.01,0.01,0.43
6.101,0.02,0.00,0.43
6.105,-0.00,-0.01,0.45
6.110,0.01,-0.00,0.43
6.124,0.01,-0.01,0.45
6.125,0.02,-0.00,0.45
6.126,-0.01,-0.00,0.45
6.155,0.00,-0.00,0.44
6.156,-0.05,0.01,0.45
6.156,0.03,-0.00,0.45
6.157,0.01,-0.00,0.44
6.157,0.02,0.01,0.47
6.160,0.02,-0.01,0.46
6.163,-0.00,-0.01,0.45
6.164,-0.01,-0.01,0.46
6.165,0.03,-0.01,0.47
6.180,0.01,-0.01,0.46
6.181,0.00,0.00,0.45
6.181,0.01,0.02,0.47
6.182,0.01,0.00,0.47
6.184,0.01,0.01,0.49
6.191,0.01,0.00,0.46
6.193,0.02,-0.02,0.47
6.230,-0.01,0.02,0.46
6.233,0.00,0.00,0.47
6.234,0.02,-0.01,0.50
6.235,0.00,0.02,0.47
6.236,0.02,0.01,0.48
6.237,0.02,-0.01,0.49
6.238,-0.01,0.00,0.48
6.239,-0.00,0.02,0.48
6.240,-0.00,0.01,0.49
6.241,-0.02,0.02,0.49
6.242,-0.01,0.00,0.48
6.266,0.01,0.01,0.49
6.269,0.00,0.01,0.49
6.270,-0.00,-0.00,0.50
6.271,0.01,-0.00,0.50
6.271,-0.00,0.00,0.51
6.272,-0.01,0.03,0.51
6.273,-0.00,0.01,0.50
6.278,0.01,0.00,0.51
6.295,-0.03,0.00,0.52
6.299,0.03,0.02,0.51
6.303,0.03,-0.01,0.51
6.306,0.01,-0.01,0.51
6.311,0.01,-0.01,0.52
6.315,0.01,-0.01,0.52
6.319,-0.01,0.00,0.52
6.324,-0.02,0.01,0.51
6.329,0.02,0.01,0.52
6.331,0.00,0.00,0.53
6.332,-0.00,0.00,0.53
6.333,0.01,0.01,0.53
6.351,0.03,-0.01,0.54
6.352,0.03,0.01,0.54
6.353,-0.00,0.02,0.53
6.354,0.00,0.00,0.52
6.357,-0.02,0.01,0.53
6.359,0.02,0.02,0.54
6.362,0.01,0.02,0.53
6.401,0.01,0.01,0.54
6.406,0.00,0.01,0.54
6.407,0.02,-0.00,0.53
6.409,0.02,-0.00,0.54
6.410,0.02,0.00,0.54
6.411,0.01,-0.01,0.55
6.415,-0.02,0.01,0.55
6.416,0.01,0.01,0.56
6.417,0.00,-0.01,0.56
6.420,-0.01,0.01,0.57
6.422,0.01,0.01,0.57
6.423,0.02,-0.01,0.56
6.424,0.00,0.01,0.56
6.426,-0.00,-0.01,0.57
6.428,-0.00,0.01,0.56
6.446,-0.01,0.01,0.58
6.446,-0.02,0.01,0.57
6.447,-0.01,-0.01,0.57
6.448,0.03,-0.01,0.58
6.449,-0.00,-0.00,0.57
6.454,0.01,0.00,0.58
6.458,0.00,0.02,0.57
6.462,-0.02,0.02,0.59
6.517,0.01,0.01,0.58
6.521,0.00,0.01,0.58
6.522,0.02,0.02,0.59
6.522,0.02,0.00,0.59
6.523,0.01,0.01,0.58
6.523,0.01,0.00,0.58
6.524,0.01,0.00,0.59
6.525,0.01,0.00,0.60
6.525,0.01,0.01,0.60
6.526,0.00,0.00,0.60
6.526,0.00,0.01,0.60
6.527,0.01,0.00,0.61
6.528,0.01,-0.02,0.61
6.528,-0.02,0.01,0.60
6.531,0.00,0.01,0.61
6.554,0.00,-0.01,0.62
6.555,0.01,-0.00,0.61
6.556,0.01,-0.00,0.62
6.557,0.01,0.00,0.61
6.557,0.01,0.00,0.62
6.558,0.01,-0.00,0.62
6.560,-0.00,-0.00,0.63
6.575,-0.00,0.01,0.62
6.576,0.02,-0.01,0.62
6.577,0.01,0.02,0.63
6.578,0.01,-0.01,0.63
6.612,-0.00,0.00,0.64
6.614,0.03,0.00,0.64
6.615,-0.00,0.00,0.63
6.618,0.00,0.00,0.63
6.626,0.02,0.01,0.64
6.627,0.01,0.01,0.64
6.627,0.01,0.01,0.64
6.628,-0.01,0.01,0.63
6.629,0.00,-0.01,0.66
6.629,-0.00,0.02,0.65
6.630,-0.01,-0.00,0.64
6.641,0.00,0.01,0.66
6.642,-0.02,-0.00,0.65
6.643,-0.01,0.00,0.64
6.644,0.01,0.01,0.66
6.651,0.01,-0.01,0.67
6.653,0.01,0.01,0.65
6.657,-0.00,0.01,0.66
6.662,0.00,0.01,0.66
6.675,0.02,0.01,0.66
6.676,0.01,-0.01,0.66
6.677,-0.00,0.01,0.68
6.680,0.01,0.02,0.66
6.710,0.03,-0.01,0.68
6.712,-0.00,-0.00,0.68
6.714,-0.01,0.01,0.68
6.715,0.00,0.01,0.67
6.716,-0.00,0.01,0.68
6.719,0.00,0.01,0.68
6.721,0.02,0.01,0.69
6.721,-0.01,0.04,0.69
6.722,-0.01,0.01,0.68
6.723,0.01,0.01,0.68
6.737,0.01,0.00,0.69
6.740,0.01,-0.00,0.69
6.741,0.00,-0.01,0.69
6.742,-0.02,-0.00,0.70
6.746,-0.01,0.01,0.70
6.759,-0.03,0.02,0.70
6.761,0.01,0.01,0.69
6.764,0.01,0.01,0.70
6.766,-0.01,0.00,0.70
6.768,-0.00,0.01,0.70
6.786,0.00,0.01,0.71
6.787,0.03,-0.01,0.70
6.789,0.02,-0.00,0.72
6.791,0.01,-0.00,0.71
6.792,0.02,0.01,0.71
6.794,0.00,0.00,0.71
6.799,0.00,0.01,0.73
6.818,0.00,0.00,0.73
6.819,0.01,0.00,0.72
6.820,0.01,0.01,0.72
6.821,0.00,0.00,0.72
6.822,-0.01,0.01,0.72
6.825,0.01,0.02,0.73
6.829,0.02,0.02,0.73
6.835,-0.00,0.01,0.74
6.844,-0.00,0.00,0.75
6.848,0.01,0.00,0.74
6.849,0.02,0.00,0.74
6.862,-0.00,0.02,0.74
6.863,-0.00,0.01,0.74
6.863,0.01,0.02,0.73
6.865,-0.02,-0.00,0.74
6.888,-0.01,0.00,0.74
6.891,0.01,0.01,0.76
6.895,-0.03,0.01,0.74
6.900,0.02,0.00,0.76
6.900,0.02,0.01,0.75
6.901,-0.01,-0.00,0.75
6.902,0.02,-0.01,0.76
6.902,0.01,0.03,0.76
6.917,0.00,-0.01,0.75
6.922,-0.02,0.01,0.76
6.923,-0.01,-0.00,0.75
6.924,0.02,-0.00,0.76
6.925,0.03,0.01,0.77
6.948,0.02,0.01,0.78
6.953,0.00,0.01,0.77
6.954,0.01,0.01,0.77
6.954,0.00,0.01,0.77
6.955,0.01,0.00,0.77
6.956,0.02,0.02,0.78
6.956,-0.00,0.02,0.78
6.968,-0.00,0.01,0.78
6.969,0.01,0.00,0.78
6.969,0.00,0.02,0.79
6.971,0.00,0.02,0.78
6.976,-0.00,0.01,0.78
6.981,0.01,-0.01,0.80
6.985,-0.04,0.01,0.79
6.996,0.01,0.02,0.78
6.997,0.02,0.01,0.79
6.998,0.01,-0.00,0.79
7.011,-0.01,-0.00,0.80
7.012,0.00,0.01,0.78
7.013,0.00,0.00,0.81
7.015,-0.00,-0.00,0.79
7.039,-0.02,0.01,0.81
7.042,0.01,0.00,0.81
7.043,-0.01,0.00,0.82
7.046,0.00,0.02,0.80
7.050,0.00,0.01,0.82
7.054,0.01,0.02,0.81
7.055,0.01,0.01,0.81
7.056,-0.01,0.02,0.84
7.056,-0.02,0.01,0.82
7.063,-0.00,0.00,0.81
7.063,-0.01,0.00,0.82
7.068,0.02,0.01,0.83
7.074,0.01,0.01,0.83
7.077,0.04,0.00,0.83
7.081,0.00,0.02,0.82
7.096,0.01,0.01,0.83
7.097,0.00,0.01,0.83
7.103,0.01,0.00,0.82
7.105,0.02,0.00,0.84
7.107,0.01,0.01,0.84
7.113,0.01,0.00,0.86
7.116,0.01,0.01,0.84
7.117,-0.01,0.00,0.83
7.124,0.02,-0.00,0.84
7.126,0.00,0.00,0.83
7.132,-0.02,0.01,0.84
7.152,0.02,-0.01,0.84
7.156,0.00,0.02,0.86
7.156,0.01,-0.00,0.84
7.157,-0.01,0.01,0.85
7.158,-0.00,0.01,0.87
7.159,0.00,0.02,0.85
7.177,0.01,0.00,0.85
7.178,-0.00,0.01,0.87
7.179,0.02,0.00,0.87
7.180,0.02,0.00,0.86
7.181,-0.01,0.01,0.86
7.183,0.01,0.01,0.86
7.198,0.01,-0.00,0.88
7.199,0.00,0.03,0.87
7.200,0.02,0.02,0.87
7.202,0.00,0.01,0.87
7.230,-0.00,0.03,0.88
7.231,-0.01,0.02,0.88
7.231,0.01,0.01,0.88
7.232,0.02,0.01,0.90
7.233,-0.00,0.00,0.90
7.234,0.01,0.00,0.89
7.235,0.00,0.02,0.91
7.236,0.00,-0.00,0.88
7.249,0.01,0.01,0.89
7.251,0.03,0.02,0.91
7.252,0.02,-0.01,0.89
7.255,0.01,0.01,0.90
7.282,0.04,0.02,0.89
7.283,0.01,0.01,0.90
7.283,0.00,0.00,0.91
7.284,0.01,-0.00,0.91
7.285,0.03,0.00,0.90
7.286,0.03,-0.01,0.90
7.287,0.01,0.01,0.92
7.297,0.01,0.03,0.92
7.299,0.01,0.01,0.91
7.299,0.01,0.01,0.91
7.303,0.02,0.01,0.92
7.350,0.04,0.00,0.93
7.351,0.00,0.01,0.93
7.352,0.03,0.00,0.92
7.353,0.01,-0.00,0.93
7.356,0.02,0.00,0.92
7.357,-0.01,0.01,0.92
7.357,0.00,-0.00,0.93
7.358,-0.01,0.02,0.94
7.359,0.02,0.00,0.94
7.359,0.01,-0.01,0.93
7.360,0.01,0.03,0.92
7.361,0.01,0.00,0.93
7.362,-0.01,0.02,0.93
7.409,-0.02,0.00,0.92
7.410,-0.00,0.01,0.95
7.411,0.00,0.01,0.94
7.411,0.01,0.01,0.95
7.412,0.00,0.01,0.95
7.413,0.00,-0.02,0.96
7.413,0.02,0.01,0.96
7.414,0.01,-0.01,0.96
7.415,-0.02,0.01,0.95
7.415,0.01,0.00,0.95
7.416,0.03,0.00,0.95
7.416,0.00,0.01,0.97
7.417,0.01,0.00,0.96
7.432,0.02,-0.00,0.97
7.433,-0.01,0.01,0.96
7.434,0.02,0.00,0.97
7.436,-0.00,0.00,0.97
7.476,0.01,0.02,0.98
7.481,-0.01,0.02,0.96
7.482,0.02,0.03,0.97
7.482,-0.02,0.03,0.97
7.483,0.01,0.01,0.96
7.484,0.00,0.01,0.98
7.487,0.00,0.01,0.99
7.488,-0.01,0.01,0.98
7.489,0.01,0.04,0.97
7.491,0.01,0.02,0.99
7.492,0.04,0.02,1.01
7.493,-0.00,0.01,0.99
7.494,0.02,0.01,0.99
7.520,-0.00,0.01,0.98
7.521,0.01,0.03,0.99
7.522,0.00,0.02,1.00
7.523,0.01,-0.00,1.01
7.527,0.01,0.01,1.01
7.527,0.01,0.03,1.00
7.529,0.03,0.01,1.01
7.530,0.02,0.01,1.00
7.557,0.05,0.01,1.01
7.558,-0.01,-0.01,1.01
7.559,0.01,0.02,1.02
7.559,-0.01,0.01,1.01
7.560,0.04,0.01,1.01
7.561,0.02,-0.00,1.03
7.562,0.01,-0.02,1.03
7.564,0.01,-0.01,1.02
7.568,0.01,0.01,1.02
7.572,0.00,0.01,1.02
7.584,0.00,-0.01,1.04
7.588,0.02,-0.01,1.04
7.589,0.03,0.00,1.03
7.590,0.01,0.00,1.03
7.621,-0.00,0.00,1.03
7.622,0.01,-0.01,1.03
7.623,0.01,-0.01,1.05
7.624,-0.00,0.01,1.04
7.624,-0.00,0.01,1.02
7.625,0.01,-0.00,1.05
7.626,-0.02,0.01,1.03
7.627,-0.00,0.01,1.05
7.675,-0.03,0.04,1.05
7.676,-0.02,0.02,1.05
7.678,-0.01,0.01,1.04
7.679,-0.00,0.00,1.04
7.680,-0.02,0.01,1.05
7.680,-0.00,0.01,1.06
7.681,0.00,0.01,1.06
7.682,0.02,0.03,1.06
7.683,-0.01,0.02,1.06
7.685,0.01,0.03,1.06
7.688,0.03,0.04,1.07
7.689,0.02,0.02,1.07
7.690,-0.01,0.03,1.06
7.691,-0.01,0.01,1.07
7.692,0.02,0.02,1.06
7.702,-0.01,0.02,1.06
7.703,0.01,0.01,1.08
7.705,-0.00,-0.01,1.08
7.716,-0.01,0.00,1.09
7.717,0.02,-0.01,1.08
7.722,0.03,0.00,1.08
7.723,-0.01,-0.00,1.08
7.770,0.01,-0.00,1.08
7.773,0.00,0.00,1.09
7.774,0.02,0.02,1.10
7.775,-0.00,0.01,1.11
7.776,0.03,-0.00,1.08
7.777,0.02,-0.01,1.10
7.777,-0.01,-0.01,1.10
7.779,0.03,0.01,1.10
7.780,0.01,0.01,1.10
7.781,0.02,0.01,1.10
7.782,0.03,-0.00,1.11
7.782,0.02,0.01,1.11
7.783,0.00,0.01,1.11
7.785,0.01,0.00,1.10
7.811,0.03,0.01,1.11
7.811,-0.00,0.01,1.12
7.812,0.03,0.00,1.13
7.813,0.01,0.01,1.12
7.813,0.03,0.00,1.12
7.814,0.01,0.01,1.12
7.815,-0.01,0.00,1.11
7.820,0.01,0.02,1.12
7.834,0.03,0.00,1.12
7.835,-0.02,0.00,1.12
7.836,0.01,0.00,1.13
7.837,-0.03,0.01,1.12
7.879,-0.00,0.02,1.14
7.880,-0.01,0.01,1.13
7.881,-0.00,0.02,1.14
7.881,-0.01,0.02,1.14
7.885,0.01,0.01,1.13
7.890,-0.01,0.03,1.14
7.891,-0.01,0.02,1.13
7.892,0.00,0.03,1.15
7.893,0.01,0.01,1.16
7.893,-0.02,0.01,1.15
7.895,0.00,0.01,1.13
7.895,0.00,-0.00,1.15
7.896,-0.01,0.00,1.14
7.930,0.03,0.01,1.16
7.931,0.01,0.02,1.15
7.932,0.01,-0.01,1.15
7.933,0.02,0.00,1.15
7.934,0.03,-0.02,1.18
7.935,0.02,-0.00,1.16
7.936,0.02,-0.00,1.17
7.936,0.01,-0.00,1.17
7.937,0.02,-0.01,1.16
7.940,0.02,-0.01,1.18
7.970,0.00,0.02,1.16
7.971,0.02,0.02,1.18
7.972,0.01,0.02,1.17
7.976,0.01,0.02,1.18
7.977,0.02,0.01,1.18
7.977,0.01,0.03,1.18
7.978,0.01,0.02,1.18
7.979,0.03,0.03,1.18
7.979,0.02,0.02,1.19
7.990,0.03,0.02,1.18
7.993,0.01,0.01,1.18
7.994,0.02,0.01,1.19
8.022,0.02,0.04,1.18
8.023,0.05,0.02,1.19
8.025,0.03,0.02,1.20
8.026,0.02,0.01,1.20
8.027,-0.00,0.00,1.20
8.027,-0.01,0.01,1.21
8.028,0.01,0.00,1.21
8.029,0.02,0.00,1.21
8.062,-0.00,-0.01,1.21
8.063,-0.01,-0.00,1.21
8.064,-0.02,0.01,1.20
8.065,-0.00,-0.00,1.22
8.066,-0.01,0.01,1.22
8.067,-0.00,0.00,1.21
8.067,-0.00,0.01,1.20
8.068,-0.02,0.00,1.22
8.069,-0.00,0.03,1.22
8.075,-0.00,0.02,1.21
8.099,-0.01,0.03,1.22
8.101,-0.00,-0.00,1.22
8.102,-0.01,0.02,1.23
8.103,0.01,0.02,1.24
8.103,-0.02,0.00,1.23
8.104,-0.00,0.00,1.23
8.105,-0.01,0.00,1.23
8.108,-0.01,-0.00,1.23
8.120,-0.01,0.01,1.23
8.122,0.02,0.01,1.24
8.123,0.00,0.01,1.24
8.125,0.02,0.02,1.25
8.155,0.02,0.01,1.25
8.156,0.04,0.00,1.24
8.156,0.02,0.01,1.24
8.157,0.02,0.02,1.26
8.159,-0.01,0.02,1.25
8.160,0.03,0.00,1.25
8.161,0.01,0.01,1.25
8.161,0.03,0.02,1.27
8.185,0.00,-0.01,1.26
8.186,0.04,-0.02,1.26
8.186,0.02,0.01,1.26
8.187,0.01,0.02,1.26
8.188,0.03,0.01,1.26
8.189,0.02,-0.00,1.25
8.191,0.02,0.00,1.27
8.206,0.02,0.00,1.27
8.209,0.02,0.00,1.25
8.213,0.00,0.01,1.28
8.214,-0.00,0.02,1.28
8.215,0.03,0.02,1.28
8.239,0.02,-0.01,1.28
8.243,0.00,0.02,1.28
8.243,0.03,0.01,1.29
8.246,-0.00,0.02,1.28
8.249,0.01,0.01,1.29
8.252,0.03,0.00,1.29
8.256,0.01,0.00,1.29
8.259,-0.01,0.02,1.29
8.263,0.01,-0.01,1.28
8.265,0.01,0.02,1.30
8.266,0.02,0.00,1.31
8.267,0.01,0.00,1.28
8.274,0.01,0.01,1.30
8.276,0.01,0.00,1.29
8.291,0.01,0.01,1.30
8.293,0.01,0.01,1.32
8.294,0.01,-0.00,1.30
8.295,0.03,0.00,1.31
8.332,-0.00,0.02,1.30
8.336,0.02,0.01,1.31
8.336,0.01,0.01,1.33
8.337,0.02,0.01,1.31
8.338,0.02,0.01,1.33
8.339,0.01,-0.00,1.33
8.339,0.02,-0.00,1.31
8.340,0.02,0.00,1.33
8.341,0.01,0.01,1.32
8.341,0.02,-0.00,1.33
8.342,0.02,0.02,1.33
8.356,-0.01,-0.00,1.34
8.358,-0.01,0.02,1.34
8.359,0.03,0.02,1.34
8.360,-0.01,0.01,1.33
8.392,0.02,0.01,1.33
8.393,0.01,0.01,1.34
8.394,0.01,0.01,1.34
8.395,0.01,0.02,1.34
8.396,0.01,0.02,1.33
8.397,0.04,0.00,1.35
8.397,0.01,0.03,1.35
8.398,-0.01,0.01,1.35
8.408,0.04,0.00,1.35
8.409,-0.01,0.02,1.35
8.409,-0.00,0.02,1.37
8.427,0.00,0.01,1.35
8.428,0.02,0.02,1.36
8.428,0.01,0.03,1.36
8.429,0.02,0.04,1.36
8.469,-0.02,0.01,1.36
8.471,-0.00,0.02,1.35
8.474,0.02,0.02,1.36
8.474,0.00,0.00,1.37
8.475,0.01,0.04,1.38
8.476,0.01,0.01,1.38
8.476,0.01,0.02,1.37
8.477,0.00,0.04,1.38
8.478,0.03,0.02,1.37
8.479,0.00,0.02,1.37
8.479,0.01,0.01,1.39
8.481,0.02,0.03,1.38
8.495,0.01,0.00,1.38
8.496,0.02,0.02,1.39
8.497,-0.00,0.02,1.38
8.497,-0.01,0.02,1.39
8.509,0.04,0.01,1.39
8.510,0.02,0.00,1.40
8.511,0.03,0.03,1.38
8.555,0.03,0.02,1.40
8.556,0.03,0.01,1.40
8.556,-0.01,-0.00,1.39
8.557,0.01,0.02,1.40
8.558,-0.00,0.02,1.41
8.559,0.05,0.03,1.40
8.560,0.02,0.02,1.39
8.561,-0.00,0.01,1.40
8.561,0.00,0.04,1.41
8.562,0.02,0.02,1.41
8.563,0.03,0.03,1.41
8.604,0.02,0.01,1.42
8.607,0.01,0.01,1.42
8.608,0.01,0.01,1.41
8.608,0.02,-0.00,1.42
8.609,-0.01,0.00,1.44
8.609,0.03,0.01,1.42
8.610,0.00,0.00,1.42
8.611,0.00,0.01,1.43
8.611,0.01,0.01,1.42
8.612,0.00,0.03,1.43
8.613,0.01,0.02,1.43
8.614,0.01,0.00,1.44
8.624,0.01,0.00,1.44
8.625,0.04,0.00,1.44
8.627,0.01,0.01,1.44
8.630,0.01,0.00,1.44
8.663,-0.00,0.01,1.44
8.664,-0.00,0.03,1.44
8.665,0.01,-0.00,1.45
8.666,0.02,0.00,1.44
8.667,0.01,-0.01,1.46
8.668,0.01,0.01,1.46
8.669,-0.01,0.01,1.44
8.669,0.02,0.01,1.46
8.670,0.00,0.03,1.46
8.694,0.00,0.00,1.47
8.695,0.01,0.01,1.46
8.696,0.01,-0.00,1.45
8.697,0.01,0.00,1.46
8.698,0.01,-0.00,1.48
8.698,0.02,0.00,1.47
8.699,0.03,0.03,1.48
8.716,0.01,0.02,1.46
8.722,-0.01,0.01,1.48
8.723,0.03,0.00,1.48
8.724,0.00,0.01,1.47
8.727,-0.00,0.01,1.48
8.731,0.01,0.01,1.49
8.733,-0.00,0.03,1.48
8.736,0.01,0.02,1.48
8.756,-0.01,0.02,1.48
8.757,0.00,0.01,1.48
8.757,0.03,0.00,1.49
8.758,0.00,0.01,1.48
8.759,-0.01,0.02,1.49
8.762,0.02,0.01,1.49
8.789,-0.01,0.01,1.50
8.790,0.01,0.02,1.50
8.790,0.00,0.01,1.50
8.791,0.00,0.03,1.51
8.792,0.01,0.00,1.50
8.792,-0.01,0.01,1.50
8.793,0.00,0.02,1.51
8.799,-0.01,0.01,1.50
8.810,0.01,0.03,1.50
8.811,0.01,0.00,1.53
8.814,0.01,0.01,1.51
8.817,0.01,0.00,1.51
8.819,-0.00,0.01,1.52
8.864,0.03,0.01,1.51
8.867,0.01,0.01,1.52
8.868,0.02,0.00,1.54
8.869,0.01,-0.00,1.51
8.873,0.03,0.01,1.52
8.873,0.01,0.01,1.52
8.874,0.04,0.01,1.54
8.875,0.01,0.01,1.53
8.876,0.02,0.00,1.54
8.877,0.02,0.00,1.52
8.878,0.01,-0.01,1.54
8.879,-0.01,0.01,1.54
8.881,0.00,0.01,1.54
8.882,0.00,0.02,1.54
8.903,0.03,0.00,1.56
8.904,0.03,0.01,1.54
8.905,0.02,-0.01,1.53
8.905,0.02,0.01,1.55
8.906,-0.01,0.00,1.55
8.907,0.01,0.01,1.56
8.911,0.00,0.01,1.54
8.917,0.00,0.00,1.55
8.932,0.02,0.01,1.55
8.933,0.03,0.01,1.55
8.934,0.03,0.01,1.57
8.934,0.01,0.02,1.56
8.984,0.01,0.00,1.56
8.986,-0.02,0.01,1.56
8.987,0.01,0.01,1.56
8.988,0.04,0.00,1.58
8.989,-0.01,0.02,1.58
8.989,0.02,0.01,1.57
8.990,0.00,0.01,1.57
8.991,0.01,0.02,1.57
8.991,0.02,0.02,1.57
8.992,-0.01,0.02,1.58
8.992,0.02,0.02,1.57
8.993,0.00,0.01,1.57
8.995,0.02,0.02,1.59
8.996,0.01,0.03,1.57
9.001,0.03,0.01,1.58
9.024,0.02,0.03,1.58
9.025,0.01,0.02,1.58
9.026,0.02,0.02,1.60
9.027,0.04,0.03,1.59
9.028,0.00,0.01,1.59
9.028,0.01,0.01,1.60
9.031,0.01,0.00,1.60
9.046,-0.00,0.00,1.60
9.047,0.04,0.03,1.60
9.048,0.01,0.01,1.60
9.097,0.01,0.01,1.60
9.100,0.03,0.01,1.61
9.101,0.03,0.00,1.61
9.101,-0.01,0.01,1.60
9.103,0.03,0.01,1.61
9.103,0.02,0.03,1.61
9.104,0.01,0.02,1.60
9.105,0.04,0.03,1.61
9.106,0.03,0.03,1.61
9.107,0.01,0.02,1.63
9.107,0.00,0.01,1.60
9.108,0.01,0.01,1.63
9.109,-0.01,0.03,1.63
9.110,-0.00,-0.00,1.62
9.110,0.01,0.02,1.63
9.159,0.01,0.01,1.63
9.161,0.02,0.01,1.63
9.161,0.02,0.00,1.63
9.162,-0.00,0.01,1.63
9.163,0.00,0.02,1.63
9.163,0.02,0.02,1.64
9.165,0.00,0.03,1.63
9.166,0.01,-0.01,1.64
9.166,0.04,0.01,1.64
9.167,0.01,0.01,1.65
9.171,-0.00,0.00,1.65
9.172,0.01,0.03,1.63
9.173,0.02,-0.00,1.64
9.173,0.02,0.01,1.65
9.198,0.01,0.02,1.64
9.202,-0.01,0.03,1.66
9.203,0.01,0.01,1.65
9.204,0.02,0.03,1.66
9.204,0.02,0.02,1.67
9.205,0.01,-0.00,1.65
9.206,0.04,0.00,1.65
9.235,0.02,0.01,1.67
9.236,0.01,0.01,1.67
9.237,0.02,-0.00,1.67
9.238,0.03,0.01,1.67
9.239,-0.00,0.00,1.68
9.240,0.02,0.02,1.68
9.240,0.01,-0.00,1.68
9.241,0.01,0.01,1.68
9.273,-0.00,0.02,1.68
9.275,0.03,0.02,1.66
9.276,0.03,0.00,1.68
9.277,0.01,0.03,1.67
9.277,0.04,0.02,1.68
9.279,0.02,0.03,1.68
9.279,-0.01,0.02,1.69
9.280,0.04,0.03,1.68
9.280,0.02,0.01,1.67
9.286,0.02,-0.00,1.67
9.314,0.01,0.01,1.69
9.315,0.01,0.02,1.68
9.316,0.00,0.00,1.67
9.317,0.04,0.01,1.68
9.318,0.03,0.02,1.67
9.318,0.02,0.01,1.69
9.319,0.02,0.00,1.67
9.320,0.00,-0.00,1.68
9.331,0.02,0.03,1.68
9.332,0.02,0.03,1.68
9.333,-0.00,0.01,1.67
9.339,0.02,0.01,1.68
9.381,-0.01,0.00,1.67
9.383,0.02,0.02,1.68
9.384,0.02,0.00,1.68
9.384,0.04,0.00,1.67
9.386,-0.00,-0.00,1.67
9.387,0.01,0.01,1.68
9.389,-0.03,0.02,1.67
9.390,0.03,0.02,1.67
9.391,0.01,0.01,1.68
9.392,0.04,0.01,1.68
9.392,0.03,-0.00,1.68
9.393,-0.01,0.00,1.68
9.394,0.00,0.02,1.68
9.415,0.02,0.00,1.69
9.417,0.03,-0.00,1.67
9.418,0.01,0.01,1.67
9.418,-0.01,0.00,1.67
9.419,-0.00,0.02,1.67
9.421,0.02,0.03,1.67
9.431,0.03,0.00,1.67
9.432,0.01,0.03,1.67
9.438,0.01,0.01,1.68
9.474,0.02,0.03,1.67
9.475,-0.01,0.00,1.66
9.476,0.02,0.01,1.68
9.476,0.04,0.01,1.68
9.477,0.01,0.00,1.66
9.478,-0.02,0.01,1.67
9.479,0.02,0.02,1.68
9.479,0.01,0.01,1.68
9.481,0.01,0.00,1.66
9.484,0.01,0.03,1.68
9.484,0.02,0.03,1.67
9.488,0.01,0.02,1.66
9.516,-0.01,0.04,1.66
9.517,0.03,0.01,1.67
9.518,0.02,0.02,1.66
9.518,0.01,0.00,1.68
9.519,0.01,0.02,1.68
9.520,-0.00,0.00,1.68
9.521,0.04,0.02,1.68
9.532,0.04,0.03,1.69
9.533,0.03,0.01,1.66
9.533,-0.01,0.01,1.67
9.535,-0.01,0.01,1.67
9.572,0.00,0.02,1.67
9.574,0.01,0.02,1.68
9.575,0.01,0.01,1.67
9.575,0.01,0.02,1.69
9.576,0.02,0.01,1.67
9.577,0.01,0.03,1.67
9.577,0.03,0.01,1.66
9.578,0.02,0.03,1.68
9.581,0.02,0.01,1.68
9.582,0.01,0.00,1.66
9.591,0.03,0.03,1.68
9.593,-0.02,0.03,1.66
9.595,-0.01,0.03,1.67
9.604,-0.01,0.03,1.67
9.605,-0.00,0.01,1.68
9.606,-0.01,0.03,1.67
9.616,0.03,0.01,1.67
9.618,0.03,0.02,1.68
9.619,0.01,0.01,1.67
9.670,0.02,-0.01,1.67
9.671,0.00,0.00,1.66
9.672,-0.01,0.00,1.67
9.673,0.02,0.00,1.67
9.674,0.03,0.02,1.67
9.675,0.03,0.01,1.68
9.676,-0.01,0.01,1.65
9.677,0.00,-0.00,1.66
9.678,0.01,0.01,1.68
9.679,0.03,0.01,1.67
9.680,0.02,0.01,1.67
9.681,0.02,0.01,1.68
9.682,0.01,0.00,1.66
9.683,0.04,-0.01,1.68
9.705,0.02,0.01,1.67
9.707,0.05,0.00,1.66
9.708,0.04,0.02,1.67
9.708,0.01,0.01,1.66
9.709,-0.01,0.01,1.66
9.710,0.04,0.01,1.67
9.720,-0.00,0.02,1.67
9.722,0.03,0.01,1.66
9.723,0.01,0.03,1.67
9.726,0.01,-0.00,1.66
9.777,-0.01,0.02,1.64
9.778,-0.00,0.02,1.65
9.779,0.01,-0.01,1.67
9.780,0.01,0.03,1.66
9.780,0.01,0.00,1.66
9.783,-0.04,0.00,1.65
9.783,0.03,0.02,1.66
9.784,0.03,0.04,1.66
9.785,0.04,0.03,1.65
9.787,0.04,0.04,1.65
9.788,0.06,0.04,1.64
9.788,0.04,0.02,1.65
9.789,0.03,0.01,1.64
9.790,0.02,0.00,1.63
9.791,0.03,0.01,1.64
9.813,0.01,0.01,1.62
9.816,0.03,0.01,1.61
9.816,0.00,0.01,1.63
9.818,-0.02,0.00,1.62
9.818,0.01,0.01,1.61
9.819,0.00,0.00,1.59
9.822,-0.01,0.02,1.61
9.834,0.03,0.00,1.61
9.835,0.06,0.01,1.60
9.836,0.08,0.03,1.59
9.840,0.01,0.04,1.58
9.878,0.05,0.05,1.58
9.879,0.06,0.04,1.57
9.880,0.00,0.03,1.56
9.882,0.05,0.03,1.56
9.884,-0.00,0.02,1.56
9.885,-0.03,0.03,1.54
9.886,-0.01,0.02,1.54
9.890,0.01,0.01,1.54
9.892,-0.03,0.01,1.54
9.893,0.01,-0.03,1.51
9.894,-0.00,-0.02,1.53
9.894,-0.00,-0.03,1.53
9.911,0.01,-0.01,1.50
9.911,0.02,-0.02,1.51
9.912,-0.01,-0.01,1.50
9.912,0.03,0.01,1.50
9.916,0.02,0.02,1.48
9.920,0.02,0.01,1.47
9.925,0.01,0.02,1.47
9.937,-0.00,0.04,1.47
9.938,0.03,0.02,1.47
9.939,0.03,0.02,1.45
9.984,0.04,0.01,1.45
9.985,0.03,-0.00,1.46
9.986,0.02,0.02,1.46
9.987,0.04,-0.01,1.44
9.988,0.04,0.01,1.43
9.990,0.01,-0.00,1.43
9.992,0.01,0.00,1.42
9.993,-0.00,-0.00,1.41
9.995,0.03,-0.02,1.41
9.996,-0.00,0.01,1.42
9.996,0.03,0.02,1.39
9.997,0.03,0.02,1.40
9.998,0.00,0.02,1.39
10.000,0.01,0.01,1.39
10.016,0.02,0.02,1.38
10.022,0.01,0.02,1.37
10.024,0.02,0.00,1.38
10.026,-0.00,0.00,1.37
10.028,0.02,0.01,1.35
10.028,-0.02,-0.01,1.35
10.045,0.04,0.02,1.36
10.048,0.01,0.01,1.35
10.049,0.01,0.00,1.35
10.051,0.04,0.01,1.34
10.053,0.04,0.02,1.34
10.054,0.02,0.02,1.32
10.057,0.01,0.03,1.33
10.110,0.04,0.00,1.33
10.112,0.04,0.03,1.30
10.114,0.05,0.02,1.32
10.115,0.04,0.03,1.30
10.116,0.03,0.01,1.30
10.118,0.05,0.02,1.28
10.119,0.03,0.00,1.28
10.121,0.04,0.03,1.29
10.121,0.03,0.01,1.27
10.122,0.03,0.02,1.27
10.123,-0.01,0.00,1.26
10.124,0.03,0.01,1.25
10.125,0.01,0.02,1.25
10.126,-0.02,0.03,1.25
10.126,0.01,0.01,1.26
10.128,-0.01,0.00,1.24
10.149,-0.01,-0.01,1.23
10.150,-0.01,0.01,1.22
10.151,-0.02,0.01,1.23
10.152,-0.02,-0.00,1.21
10.152,-0.01,0.00,1.22
10.154,-0.01,-0.01,1.20
10.159,0.01,0.01,1.19
10.174,-0.01,0.00,1.21
10.188,-0.01,-0.01,1.18
10.192,-0.01,0.01,1.18
10.195,-0.00,-0.00,1.17
10.196,0.02,0.01,1.17
10.198,0.01,0.00,1.17
10.199,-0.01,0.01,1.16
10.200,-0.01,0.02,1.16
10.201,0.02,0.01,1.14
10.229,-0.00,0.01,1.14
10.232,-0.02,-0.00,1.14
10.233,0.02,-0.00,1.15
10.234,0.02,0.00,1.14
10.235,0.02,-0.01,1.14
10.236,0.03,0.00,1.14
10.236,-0.03,0.00,1.12
10.238,0.01,-0.01,1.10
10.239,-0.01,0.01,1.10
10.242,0.00,0.04,1.10
10.253,0.04,0.00,1.09
10.254,-0.02,-0.00,1.08
10.259,0.01,0.03,1.10
10.261,0.00,0.03,1.08
10.285,-0.00,0.00,1.06
10.287,0.01,0.01,1.06
10.289,0.01,0.02,1.07
10.289,0.01,0.01,1.08
10.291,0.02,0.02,1.08
10.292,-0.01,-0.00,1.03
10.293,0.02,0.01,1.05
10.314,0.00,0.02,1.05
10.315,0.00,0.02,1.03
10.316,0.00,-0.00,1.04
10.317,0.00,0.00,1.03
10.318,0.00,0.02,1.01
10.319,0.03,0.01,1.03
10.322,-0.00,0.02,1.01
10.327,0.02,0.00,1.01
10.343,0.02,0.01,1.01
10.346,0.01,0.01,0.99
10.347,0.03,0.01,0.99
10.347,0.01,0.01,0.99
10.371,0.01,0.03,0.97
10.373,0.01,-0.00,0.98
10.375,0.01,0.01,0.98
10.377,-0.00,0.02,0.96
10.379,0.01,0.01,0.95
10.380,-0.01,0.01,0.95
10.381,0.02,0.01,0.96
10.382,0.00,-0.01,0.94
10.410,-0.01,0.01,0.95
10.411,0.02,0.02,0.93
10.412,-0.00,0.01,0.92
10.412,-0.02,0.01,0.92
10.413,-0.01,0.02,0.91
10.413,-0.01,0.00,0.92
10.414,0.00,0.02,0.91
10.415,-0.01,0.01,0.91
10.424,-0.01,0.03,0.90
10.425,-0.00,0.02,0.89
10.429,-0.01,0.04,0.88
10.468,-0.01,0.01,0.89
10.471,-0.01,0.02,0.89
10.471,-0.01,0.01,0.88
10.472,-0.01,0.00,0.87
10.473,-0.01,0.01,0.87
10.474,-0.02,0.03,0.86
10.475,0.01,0.02,0.86
10.476,-0.02,0.01,0.87
10.476,-0.01,0.02,0.86
10.478,0.00,0.01,0.85
10.480,-0.01,0.04,0.85
10.481,-0.05,0.13,0.81
10.521,-0.05,0.23,0.80
10.521,-0.05,0.29,0.78
10.522,-0.06,0.28,0.75
10.523,-0.01,0.21,0.73
10.523,0.07,0.07,0.71
10.524,0.08,-0.04,0.69
10.524,0.10,-0.14,0.68
10.525,0.08,-0.24,0.69
10.528,0.09,-0.30,0.69
10.528,0.09,-0.29,0.70
10.530,0.05,-0.30,0.67
10.540,0.00,-0.28,0.67
10.541,-0.07,-0.24,0.68
10.543,-0.06,-0.16,0.66
10.579,-0.09,-0.10,0.64
10.583,-0.08,-0.00,0.64
10.584,-0.04,0.10,0.64
10.584,-0.00,0.17,0.63
10.585,0.00,0.23,0.62
10.587,0.02,0.24,0.61
10.588,0.05,0.25,0.61
10.589,0.10,0.22,0.61
10.589,0.07,0.19,0.60
10.590,0.09,0.13,0.62
10.592,0.05,0.09,0.60
10.611,0.06,0.03,0.61
10.612,0.04,-0.05,0.60
10.613,0.00,-0.09,0.60
10.617,-0.03,-0.13,0.58
10.618,-0.04,-0.18,0.59
10.619,-0.06,-0.20,0.58
10.632,-0.05,-0.22,0.58
10.633,-0.07,-0.21,0.58
10.634,-0.06,-0.19,0.56
10.636,-0.04,-0.15,0.58
10.641,-0.03,-0.08,0.58
10.644,0.00,-0.02,0.55
10.673,0.03,0.05,0.55
10.674,0.03,0.11,0.53
10.675,0.06,0.16,0.52
10.676,0.04,0.19,0.52
10.677,0.02,0.22,0.52
10.682,0.03,0.20,0.53
10.685,0.03,0.20,0.52
10.686,-0.02,0.18,0.50
10.686,-0.02,0.12,0.51
10.706,-0.04,0.09,0.50
10.707,-0.02,0.02,0.50
10.708,-0.01,-0.03,0.49
10.709,-0.02,-0.10,0.50
10.710,-0.01,-0.11,0.48
10.711,-0.01,-0.16,0.48
10.725,-0.01,-0.15,0.47
10.726,0.01,-0.17,0.47
10.727,-0.01,-0.15,0.46
10.729,0.01,-0.13,0.46
10.763,0.03,-0.08,0.46
10.765,0.02,-0.03,0.46
10.766,0.03,0.01,0.45
10.767,0.01,0.06,0.44
10.768,0.01,0.11,0.42
10.769,0.04,0.13,0.43
10.770,-0.01,0.13,0.42
10.772,-0.01,0.13,0.41
10.773,0.00,0.13,0.40
10.774,-0.02,0.13,0.41
10.795,0.02,0.09,0.41
10.798,0.00,0.05,0.40
10.799,0.01,0.01,0.40
10.800,-0.01,-0.03,0.40
10.801,0.02,-0.03,0.38
10.802,0.03,-0.06,0.38
10.817,0.02,-0.08,0.38
10.818,0.03,-0.09,0.36
10.819,0.02,-0.11,0.37
10.819,-0.00,-0.10,0.37
10.821,-0.01,-0.08,0.35
10.826,-0.01,-0.07,0.35
10.831,0.00,-0.03,0.35
10.848,-0.01,-0.01,0.35
10.849,0.01,0.00,0.34
10.850,-0.03,0.03,0.34
10.850,0.02,0.05,0.33
10.860,0.02,0.07,0.32
10.861,-0.01,0.06,0.32
10.862,0.00,0.07,0.32
10.866,0.01,0.06,0.31
10.903,0.02,0.05,0.30
10.906,0.01,0.03,0.31
10.907,-0.01,0.02,0.29
10.907,0.02,-0.00,0.29
10.908,0.00,-0.00,0.28
10.909,0.01,-0.04,0.29
10.909,-0.01,-0.04,0.27
10.910,-0.02,-0.07,0.27
10.910,-0.01,-0.08,0.28
10.911,0.01,-0.08,0.26
10.915,0.00,-0.06,0.29
10.925,-0.01,-0.06,0.25
10.926,0.00,-0.04,0.26
10.928,0.00,-0.03,0.24
10.932,-0.01,-0.00,0.23
10.971,0.00,0.02,0.23
10.972,0.01,0.01,0.24
10.973,0.02,0.04,0.23
10.973,0.02,0.06,0.24
10.975,0.02,0.07,0.22
10.976,-0.02,0.07,0.20
10.977,-0.00,0.07,0.21
10.977,0.00,0.07,0.19
10.978,-0.00,0.05,0.21
10.978,-0.03,0.06,0.20
10.981,-0.02,0.04,0.20
11.018,0.01,0.03,0.18
11.021,0.01,0.00,0.19
11.022,-0.01,0.00,0.17
11.023,-0.01,-0.02,0.17
11.023,0.00,-0.01,0.18
11.024,0.02,-0.02,0.16
11.024,0.01,-0.04,0.16
11.025,0.01,-0.01,0.17
11.026,-0.04,-0.03,0.14
11.026,0.02,-0.02,0.14
11.030,0.02,-0.01,0.14
11.043,-0.02,0.01,0.13
11.044,0.00,-0.00,0.14
11.045,-0.02,0.00,0.12
11.047,-0.03,-0.00,0.13
11.055,-0.00,0.01,0.12
11.057,0.02,0.03,0.11
11.089,0.01,0.01,0.11
11.090,0.00,-0.00,0.11
11.091,-0.01,0.02,0.10
11.092,-0.00,0.00,0.10
11.093,0.02,0.00,0.10
11.094,0.01,-0.01,0.08
11.095,0.02,-0.01,0.08
11.096,0.01,-0.03,0.08
11.097,0.01,-0.02,0.09
11.100,0.01,-0.01,0.08
11.140,0.01,-0.03,0.07
11.143,-0.00,-0.02,0.07
11.144,-0.01,-0.04,0.07
11.145,0.01,-0.02,0.05
11.145,0.01,-0.01,0.07
11.146,0.01,-0.00,0.06
11.146,0.01,-0.03,0.06
11.147,0.02,-0.01,0.05
11.147,0.02,0.01,0.04
11.148,-0.01,-0.01,0.02
11.150,-0.01,0.00,0.03
11.161,0.01,-0.00,0.02
11.162,-0.00,-0.00,0.03
11.163,0.00,0.01,0.02
11.168,-0.00,0.02,0.03
11.204,-0.00,0.02,0.01
11.205,0.01,0.02,0.01
11.206,0.02,0.01,0.01
11.207,-0.02,-0.01,0.00
11.208,0.00,0.01,0.00
11.208,-0.01,0.00,-0.00
11.209,-0.01,-0.00,-0.01
11.210,0.01,-0.00,-0.01
11.210,-0.01,-0.01,-0.01
11.211,-0.00,0.00,-0.03
11.216,-0.01,0.01,-0.02
11.246,-0.01,-0.01,-0.02
11.248,-0.01,0.01,-0.03
11.249,-0.00,0.00,-0.03
11.249,-0.01,0.02,-0.05
11.251,-0.01,-0.00,-0.04
11.251,0.00,0.02,-0.05
11.252,-0.00,0.01,-0.05
11.253,-0.00,0.02,-0.05
11.263,-0.00,0.02,-0.06
11.264,-0.01,0.01,-0.06
11.266,-0.01,0.01,-0.06
11.268,0.01,0.01,-0.07
11.306,0.01,0.00,-0.07
11.307,0.02,0.02,-0.08
11.308,-0.02,0.01,-0.07
11.309,0.02,0.01,-0.08
11.310,-0.01,0.01,-0.08
11.311,0.01,0.01,-0.08
11.311,-0.02,0.02,-0.08
11.312,-0.01,0.00,-0.07
11.313,0.01,0.01,-0.08
11.314,0.01,0.00,-0.08
11.317,0.01,-0.02,-0.09
11.341,-0.02,-0.01,-0.08
11.342,0.00,0.01,-0.08
11.342,-0.01,-0.01,-0.08
11.343,-0.01,-0.02,-0.08
11.344,0.03,-0.00,-0.07
11.344,-0.00,0.00,-0.06
11.349,0.00,-0.00,-0.06
11.352,-0.02,-0.01,-0.07
11.368,0.01,-0.02,-0.06
11.369,0.00,-0.01,-0.06
11.371,-0.01,-0.01,-0.06
11.372,-0.02,0.00,-0.08
11.407,-0.01,-0.00,-0.06
11.408,0.01,0.01,-0.06
11.409,0.01,0.00,-0.06
11.410,-0.00,-0.00,-0.05
11.410,0.00,-0.01,-0.05
11.411,0.01,-0.01,-0.04
11.412,-0.00,0.00,-0.04
11.412,-0.03,0.01,-0.04
11.413,-0.00,-0.01,-0.05
11.414,0.00,-0.01,-0.04
11.419,-0.02,-0.00,-0.05
11.441,0.00,-0.01,-0.04
11.442,0.00,-0.00,-0.04
11.442,0.01,-0.01,-0.04
11.443,-0.00,-0.02,-0.02
11.443,0.02,-0.01,-0.02
11.445,-0.01,-0.01,-0.03
11.450,0.02,-0.00,-0.04
11.454,0.02,0.00,-0.03
11.465,-0.00,0.01,-0.04
11.466,0.01,0.01,-0.03
11.467,0.00,0.00,-0.04
11.471,0.01,0.00,-0.04
11.501,-0.00,-0.00,-0.04
11.502,-0.01,-0.01,-0.03
11.503,-0.02,0.00,-0.03
11.504,-0.03,-0.01,-0.04
11.509,0.03,0.01,-0.03
11.509,0.01,0.01,-0.02
11.510,-0.01,0.00,-0.01
11.511,0.00,0.02,-0.02
11.512,-0.01,0.01,-0.02
11.546,0.01,-0.01,-0.02
11.547,0.01,0.02,-0.02
11.548,-0.00,0.02,-0.02
11.548,-0.00,0.02,-0.02
11.549,0.01,0.02,-0.02
11.550,-0.01,0.03,-0.01
11.551,0.01,0.01,-0.02
11.553,0.01,0.01,-0.01
11.555,0.02,0.01,-0.01
11.556,-0.00,0.03,-0.01
11.566,-0.01,0.02,-0.02
11.567,0.01,0.02,-0.02
11.569,0.01,0.02,-0.00
11.611,0.01,0.01,-0.00
11.612,0.02,0.01,-0.00
11.613,-0.01,0.01,-0.01
11.614,-0.00,0.01,0.00
11.615,0.01,0.00,-0.00
11.616,-0.01,0.01,0.00
11.616,0.02,-0.00,0.00
11.617,0.00,-0.02,0.01
11.618,0.00,-0.01,-0.01
11.618,0.00,-0.01,0.00
11.619,0.00,-0.00,0.01
11.622,0.02,-0.04,0.01
11.659,-0.01,-0.00,0.01
11.661,0.01,-0.02,-0.01
11.662,-0.01,-0.02,-0.00
11.662,0.01,-0.01,0.01
11.663,-0.01,-0.01,-0.01
11.663,0.02,-0.00,0.01
11.664,0.02,-0.00,0.00
11.665,-0.02,0.00,0.01
11.665,-0.01,0.01,-0.01
11.666,-0.02,0.03,0.01
11.671,-0.01,0.09,-0.01
11.682,-0.02,0.15,-0.01
11.683,-0.07,0.21,-0.04
11.684,-0.04,0.24,-0.04
11.689,-0.06,0.26,-0.08
11.723,-0.01,0.23,-0.09
11.724,-0.00,0.17,-0.10
11.725,0.03,0.04,-0.11
11.726,0.04,-0.07,-0.12
11.727,0.05,-0.22,-0.12
11.728,0.08,-0.35,-0.10
11.728,0.08,-0.40,-0.12
11.729,0.06,-0.42,-0.10
11.730,0.02,-0.41,-0.10
11.734,0.01,-0.35,-0.10
11.737,-0.05,-0.25,-0.10
11.768,-0.05,-0.13,-0.10
11.771,-0.09,-0.01,-0.09
11.773,-0.08,0.14,-0.08
11.774,-0.08,0.26,-0.08
11.775,-0.02,0.30,-0.08
11.776,-0.00,0.35,-0.08
11.776,0.01,0.32,-0.08
11.777,0.05,0.33,-0.06
11.777,0.06,0.26,-0.07
